policy_id,customer_id,policy_type,start_date,end_date,premium,status,created_at
P0000001,C000001,MEDICAL,2025-05-24,2026-05-23,1593.70,ACTIVE,2025-05-24 10:41:37+00:00
P0000002,C000002,HOSPITALIZATION,2025-07-23,2026-07-22,819.10,ACTIVE,2025-07-23 18:25:56+00:00
P0000003,C000002,PERSONAL_ACCIDENT,2025-08-20,2026-08-19,227.60,LAPSED,2025-08-20 09:18:59+00:00
P0000004,C000003,CRITICAL_ILLNESS,2025-11-13,2026-11-12,2354.60,ACTIVE,2025-11-13 07:28:55+00:00
P0000005,C000003,MEDICAL,2025-03-14,2026-03-13,2233.40,ACTIVE,2025-03-14 22:33:28+00:00
P0000006,C000004,HOSPITALIZATION,2024-12-14,2025-12-13,2055.80,EXPIRED,2024-12-14 20:38:28+00:00
P0000007,C000005,MEDICAL,2025-06-28,2026-06-27,3255.00,ACTIVE,2025-06-28 13:33:01+00:00
P0000008,C000006,MEDICAL,2024-10-17,2025-10-16,1334.00,EXPIRED,2024-10-17 01:45:55+00:00
P0000009,C000007,CRITICAL_ILLNESS,2025-11-25,2026-11-24,4344.10,ACTIVE,2025-11-25 06:29:55+00:00
P0000010,C000008,CRITICAL_ILLNESS,2025-09-21,2026-09-20,3381.90,ACTIVE,2025-09-21 05:53:03+00:00
P0000011,C000010,MEDICAL,2025-03-26,2026-03-25,1111.80,ACTIVE,2025-03-26 23:00:31+00:00
P0000012,C000010,MEDICAL,2025-03-26,2026-03-25,1247.90,ACTIVE,2025-03-26 23:59:06+00:00
P0000013,C000010,MEDICAL,2025-07-13,2026-07-12,1281.80,ACTIVE,2025-07-13 08:59:48+00:00
P0000014,C000011,PERSONAL_ACCIDENT,2025-11-22,2026-11-21,282.60,ACTIVE,2025-11-22 12:16:05+00:00
P0000015,C000012,HOSPITALIZATION,2025-04-22,2026-04-21,1152.10,ACTIVE,2025-04-22 12:10:15+00:00
P0000016,C000014,HOSPITALIZATION,2025-08-04,2026-08-03,1661.40,CANCELLED,2025-08-04 05:54:04+00:00
P0000017,C000016,HOSPITALIZATION,2024-09-17,2025-09-16,583.60,EXPIRED,2024-09-17 03:25:48+00:00
P0000018,C000017,MEDICAL,2025-12-29,2026-12-28,1249.80,ACTIVE,2025-12-29 15:41:36+00:00
P0000019,C000018,MEDICAL,2025-11-29,2026-11-28,2811.50,ACTIVE,2025-11-29 20:35:23+00:00
P0000020,C000019,CRITICAL_ILLNESS,2025-12-27,2026-12-26,1160.80,LAPSED,2025-12-27 22:26:50+00:00
P0000021,C000020,PERSONAL_ACCIDENT,2025-03-20,2026-03-19,300.00,ACTIVE,2025-03-20 23:12:20+00:00
P0000022,C000020,CRITICAL_ILLNESS,2025-04-14,2026-04-13,3859.20,ACTIVE,2025-04-14 10:47:21+00:00
P0000023,C000020,MEDICAL,2025-02-02,2026-02-01,3868.90,ACTIVE,2025-02-02 09:52:02+00:00
P0000024,C000021,MEDICAL,2024-12-24,2025-12-23,1296.60,EXPIRED,2024-12-24 06:53:45+00:00
P0000025,C000021,PERSONAL_ACCIDENT,2025-12-28,2026-12-27,246.00,ACTIVE,2025-12-28 21:32:05+00:00
P0000026,C000021,HOSPITALIZATION,2024-12-22,2025-12-21,753.80,EXPIRED,2024-12-22 15:11:08+00:00
P0000027,C000022,PERSONAL_ACCIDENT,2025-12-24,2026-12-23,223.50,ACTIVE,2025-12-24 05:13:49+00:00
P0000028,C000022,PERSONAL_ACCIDENT,2025-12-11,2026-12-10,228.60,ACTIVE,2025-12-11 00:33:37+00:00
P0000029,C000023,MEDICAL,2025-11-06,2026-11-05,2583.00,ACTIVE,2025-11-06 02:40:09+00:00
P0000030,C000024,PERSONAL_ACCIDENT,2025-08-11,2026-08-10,241.90,ACTIVE,2025-08-11 08:10:28+00:00
P0000031,C000025,CRITICAL_ILLNESS,2025-07-11,2026-07-10,2494.30,ACTIVE,2025-07-11 07:48:56+00:00
P0000032,C000026,HOSPITALIZATION,2024-12-04,2025-12-03,2399.60,EXPIRED,2024-12-04 14:52:29+00:00
P0000033,C000026,PERSONAL_ACCIDENT,2025-10-10,2026-10-09,334.70,ACTIVE,2025-10-10 00:25:41+00:00
P0000034,C000028,PERSONAL_ACCIDENT,2025-11-18,2026-11-17,313.40,ACTIVE,2025-11-18 08:54:36+00:00
P0000035,C000029,MEDICAL,2025-05-05,2026-05-04,1581.60,CANCELLED,2025-05-05 05:34:47+00:00
P0000036,C000029,PERSONAL_ACCIDENT,2025-10-13,2026-10-12,244.70,ACTIVE,2025-10-13 06:34:06+00:00
P0000037,C000029,MEDICAL,2024-07-19,2025-07-18,1491.90,EXPIRED,2024-07-19 01:01:16+00:00
P0000038,C000030,HOSPITALIZATION,2024-10-15,2025-10-14,1362.70,EXPIRED,2024-10-15 13:13:18+00:00
P0000039,C000030,CRITICAL_ILLNESS,2025-10-17,2026-10-16,2403.90,ACTIVE,2025-10-17 07:47:56+00:00
P0000040,C000031,HOSPITALIZATION,2025-01-14,2026-01-13,817.60,ACTIVE,2025-01-14 17:50:17+00:00
P0000041,C000032,MEDICAL,2025-10-02,2026-10-01,4095.00,ACTIVE,2025-10-02 13:12:44+00:00
P0000042,C000032,MEDICAL,2025-10-19,2026-10-18,3878.60,ACTIVE,2025-10-19 01:15:18+00:00
P0000043,C000032,MEDICAL,2025-10-09,2026-10-08,4321.30,ACTIVE,2025-10-09 18:13:57+00:00
P0000044,C000033,CRITICAL_ILLNESS,2025-08-04,2026-08-03,4146.30,ACTIVE,2025-08-04 12:55:02+00:00
P0000045,C000033,HOSPITALIZATION,2025-11-02,2026-11-01,2461.50,ACTIVE,2025-11-02 19:19:25+00:00
P0000046,C000035,CRITICAL_ILLNESS,2025-07-27,2026-07-26,4265.70,ACTIVE,2025-07-27 09:21:24+00:00
P0000047,C000035,MEDICAL,2024-12-18,2025-12-17,4276.80,EXPIRED,2024-12-18 23:26:23+00:00
P0000048,C000036,CRITICAL_ILLNESS,2024-04-15,2025-04-14,1874.80,EXPIRED,2024-04-15 02:22:35+00:00
P0000049,C000036,HOSPITALIZATION,2025-04-25,2026-04-24,1291.70,ACTIVE,2025-04-25 14:22:08+00:00
P0000050,C000037,MEDICAL,2025-09-08,2026-09-07,3752.50,ACTIVE,2025-09-08 17:38:50+00:00
P0000051,C000038,PERSONAL_ACCIDENT,2025-08-17,2026-08-16,330.50,ACTIVE,2025-08-17 11:12:21+00:00
P0000052,C000038,HOSPITALIZATION,2025-08-29,2026-08-28,2078.80,ACTIVE,2025-08-29 09:55:26+00:00
P0000053,C000038,MEDICAL,2025-09-17,2026-09-16,4008.40,ACTIVE,2025-09-17 16:23:33+00:00
P0000054,C000039,MEDICAL,2025-06-02,2026-06-01,1267.70,ACTIVE,2025-06-02 11:33:31+00:00
P0000055,C000040,HOSPITALIZATION,2024-11-26,2025-11-25,996.50,EXPIRED,2024-11-26 19:42:11+00:00
P0000056,C000040,HOSPITALIZATION,2025-05-10,2026-05-09,995.50,ACTIVE,2025-05-10 04:29:54+00:00
P0000057,C000040,PERSONAL_ACCIDENT,2025-08-11,2026-08-10,257.40,ACTIVE,2025-08-11 13:16:54+00:00
P0000058,C000041,MEDICAL,2025-08-16,2026-08-15,858.50,ACTIVE,2025-08-16 13:10:07+00:00
P0000059,C000041,HOSPITALIZATION,2025-10-15,2026-10-14,525.40,ACTIVE,2025-10-15 10:27:28+00:00
P0000060,C000042,PERSONAL_ACCIDENT,2024-06-17,2025-06-16,266.70,EXPIRED,2024-06-17 17:26:45+00:00
P0000061,C000043,MEDICAL,2025-08-06,2026-08-05,3055.00,ACTIVE,2025-08-06 03:27:54+00:00
P0000062,C000044,MEDICAL,2025-10-08,2026-10-07,2812.60,ACTIVE,2025-10-08 17:51:58+00:00
P0000063,C000045,HOSPITALIZATION,2025-12-30,2026-12-29,2089.80,CANCELLED,2025-12-30 16:53:06+00:00
P0000064,C000046,HOSPITALIZATION,2024-06-26,2025-06-25,2197.70,EXPIRED,2024-06-26 20:52:05+00:00
P0000065,C000047,HOSPITALIZATION,2025-07-01,2026-06-30,949.70,ACTIVE,2025-07-01 02:45:38+00:00
P0000066,C000047,PERSONAL_ACCIDENT,2025-10-30,2026-10-29,241.00,ACTIVE,2025-10-30 13:20:14+00:00
P0000067,C000047,MEDICAL,2025-07-17,2026-07-16,1636.40,ACTIVE,2025-07-17 11:55:27+00:00
P0000068,C000048,MEDICAL,2025-11-30,2026-11-29,996.60,ACTIVE,2025-11-30 00:58:21+00:00
P0000069,C000049,MEDICAL,2025-10-16,2026-10-15,2329.90,ACTIVE,2025-10-16 13:07:38+00:00
P0000070,C000050,HOSPITALIZATION,2025-09-11,2026-09-10,558.40,ACTIVE,2025-09-11 00:04:54+00:00
P0000071,C000051,CRITICAL_ILLNESS,2025-01-05,2026-01-04,3637.20,ACTIVE,2025-01-05 09:45:32+00:00
P0000072,C000053,HOSPITALIZATION,2024-10-26,2025-10-25,857.40,EXPIRED,2024-10-26 16:25:03+00:00
P0000073,C000054,MEDICAL,2025-10-24,2026-10-23,4670.70,ACTIVE,2025-10-24 04:04:35+00:00
P0000074,C000055,MEDICAL,2024-09-03,2025-09-02,2197.70,EXPIRED,2024-09-03 06:08:21+00:00
P0000075,C000057,CRITICAL_ILLNESS,2025-10-16,2026-10-15,4032.60,ACTIVE,2025-10-16 15:42:59+00:00
P0000076,C000058,MEDICAL,2024-11-04,2025-11-03,2271.90,EXPIRED,2024-11-04 11:19:12+00:00
P0000077,C000058,CRITICAL_ILLNESS,2025-12-12,2026-12-11,2116.40,ACTIVE,2025-12-12 16:32:15+00:00
P0000078,C000058,HOSPITALIZATION,2025-07-20,2026-07-19,1272.60,ACTIVE,2025-07-20 04:00:15+00:00
P0000079,C000059,MEDICAL,2025-12-31,2026-12-30,1585.90,ACTIVE,2025-12-31 09:07:44+00:00
P0000080,C000060,MEDICAL,2025-12-20,2026-12-19,1000.30,ACTIVE,2025-12-20 04:01:19+00:00
P0000081,C000060,MEDICAL,2025-06-20,2026-06-19,1041.30,LAPSED,2025-06-20 22:57:49+00:00
P0000082,C000061,HOSPITALIZATION,2025-08-31,2026-08-30,846.80,ACTIVE,2025-08-31 17:01:59+00:00
P0000083,C000062,PERSONAL_ACCIDENT,2025-11-10,2026-11-09,233.70,ACTIVE,2025-11-10 02:24:38+00:00
P0000084,C000063,HOSPITALIZATION,2025-03-08,2026-03-07,595.90,ACTIVE,2025-03-08 03:33:42+00:00
P0000085,C000063,MEDICAL,2025-02-15,2026-02-14,1057.70,ACTIVE,2025-02-15 08:32:25+00:00
P0000086,C000063,HOSPITALIZATION,2025-04-12,2026-04-11,664.40,ACTIVE,2025-04-12 02:10:10+00:00
P0000087,C000064,MEDICAL,2025-04-10,2026-04-09,3184.60,CANCELLED,2025-04-10 23:01:40+00:00
P0000088,C000064,HOSPITALIZATION,2024-04-28,2025-04-27,1684.20,EXPIRED,2024-04-28 00:25:44+00:00
P0000089,C000065,MEDICAL,2025-03-01,2026-02-28,2046.00,ACTIVE,2025-03-01 17:01:31+00:00
P0000090,C000065,HOSPITALIZATION,2024-10-26,2025-10-25,1049.70,EXPIRED,2024-10-26 21:41:24+00:00
P0000091,C000066,CRITICAL_ILLNESS,2024-12-05,2025-12-04,838.80,EXPIRED,2024-12-05 10:58:13+00:00
P0000092,C000067,HOSPITALIZATION,2024-10-20,2025-10-19,1916.20,EXPIRED,2024-10-20 15:42:59+00:00
P0000093,C000068,HOSPITALIZATION,2024-08-28,2025-08-27,973.40,EXPIRED,2024-08-28 17:44:56+00:00
P0000094,C000069,MEDICAL,2025-09-22,2026-09-21,2892.30,ACTIVE,2025-09-22 16:49:36+00:00
P0000095,C000071,PERSONAL_ACCIDENT,2025-12-29,2026-12-28,224.30,ACTIVE,2025-12-29 19:31:33+00:00
P0000096,C000072,HOSPITALIZATION,2025-12-17,2026-12-16,1860.20,ACTIVE,2025-12-17 04:25:07+00:00
P0000097,C000073,HOSPITALIZATION,2025-11-14,2026-11-13,919.90,ACTIVE,2025-11-14 12:54:08+00:00
P0000098,C000074,HOSPITALIZATION,2025-12-22,2026-12-21,2406.20,ACTIVE,2025-12-22 03:01:29+00:00
P0000099,C000074,MEDICAL,2025-09-01,2026-08-31,4235.10,ACTIVE,2025-09-01 00:41:12+00:00
P0000100,C000074,CRITICAL_ILLNESS,2025-08-29,2026-08-28,4209.90,ACTIVE,2025-08-29 16:28:22+00:00
P0000101,C000076,CRITICAL_ILLNESS,2025-04-05,2026-04-04,911.30,ACTIVE,2025-04-05 06:21:32+00:00
P0000102,C000077,HOSPITALIZATION,2025-01-25,2026-01-24,1416.50,ACTIVE,2025-01-25 04:34:31+00:00
P0000103,C000078,MEDICAL,2024-11-13,2025-11-12,1065.70,EXPIRED,2024-11-13 15:50:26+00:00
P0000104,C000079,MEDICAL,2025-03-06,2026-03-05,2571.00,ACTIVE,2025-03-06 01:07:21+00:00
P0000105,C000079,PERSONAL_ACCIDENT,2024-06-24,2025-06-23,289.80,EXPIRED,2024-06-24 22:31:51+00:00
P0000106,C000080,PERSONAL_ACCIDENT,2025-09-14,2026-09-13,325.90,CANCELLED,2025-09-14 23:41:57+00:00
P0000107,C000081,HOSPITALIZATION,2025-06-06,2026-06-05,2318.40,ACTIVE,2025-06-06 07:03:05+00:00
P0000108,C000082,PERSONAL_ACCIDENT,2024-07-21,2025-07-20,318.50,EXPIRED,2024-07-21 18:09:40+00:00
P0000109,C000083,MEDICAL,2025-09-11,2026-09-10,3704.90,ACTIVE,2025-09-11 22:12:02+00:00
P0000110,C000084,HOSPITALIZATION,2025-09-18,2026-09-17,2621.20,ACTIVE,2025-09-18 19:06:18+00:00
P0000111,C000085,MEDICAL,2025-11-16,2026-11-15,2415.40,ACTIVE,2025-11-16 12:27:07+00:00
P0000112,C000086,MEDICAL,2025-12-01,2026-11-30,3602.80,ACTIVE,2025-12-01 18:37:34+00:00
P0000113,C000089,PERSONAL_ACCIDENT,2025-02-06,2026-02-05,250.50,ACTIVE,2025-02-06 11:44:50+00:00
P0000114,C000090,CRITICAL_ILLNESS,2025-01-22,2026-01-21,1786.80,ACTIVE,2025-01-22 04:16:26+00:00
P0000115,C000091,HOSPITALIZATION,2024-11-28,2025-11-27,1340.10,EXPIRED,2024-11-28 03:20:01+00:00
P0000116,C000091,HOSPITALIZATION,2024-12-13,2025-12-12,1371.40,EXPIRED,2024-12-13 21:46:41+00:00
P0000117,C000093,MEDICAL,2025-04-25,2026-04-24,4517.60,ACTIVE,2025-04-25 20:46:18+00:00
P0000118,C000094,MEDICAL,2025-11-28,2026-11-27,1292.70,CANCELLED,2025-11-28 15:28:25+00:00
P0000119,C000094,MEDICAL,2025-11-22,2026-11-21,1438.50,ACTIVE,2025-11-22 07:23:51+00:00
P0000120,C000094,HOSPITALIZATION,2025-11-23,2026-11-22,809.30,ACTIVE,2025-11-23 10:14:11+00:00
P0000121,C000095,MEDICAL,2025-09-09,2026-09-08,1670.80,ACTIVE,2025-09-09 23:54:35+00:00
P0000122,C000096,MEDICAL,2025-06-23,2026-06-22,1961.70,ACTIVE,2025-06-23 23:47:58+00:00
P0000123,C000096,MEDICAL,2025-08-18,2026-08-17,2085.10,ACTIVE,2025-08-18 15:07:56+00:00
P0000124,C000097,MEDICAL,2025-06-17,2026-06-16,1715.90,ACTIVE,2025-06-17 22:18:05+00:00
P0000125,C000098,MEDICAL,2025-01-31,2026-01-30,2695.20,CANCELLED,2025-01-31 09:09:59+00:00
P0000126,C000098,HOSPITALIZATION,2025-09-20,2026-09-19,1613.40,ACTIVE,2025-09-20 11:30:33+00:00
P0000127,C000099,MEDICAL,2025-09-16,2026-09-15,3752.80,ACTIVE,2025-09-16 17:56:01+00:00
P0000128,C000099,MEDICAL,2025-04-30,2026-04-29,4201.60,ACTIVE,2025-04-30 03:23:25+00:00
P0000129,C000101,HOSPITALIZATION,2025-11-04,2026-11-03,2661.50,ACTIVE,2025-11-04 11:05:14+00:00
P0000130,C000101,CRITICAL_ILLNESS,2025-12-29,2026-12-28,4347.70,ACTIVE,2025-12-29 16:02:20+00:00
P0000131,C000101,HOSPITALIZATION,2025-09-22,2026-09-21,2507.60,CANCELLED,2025-09-22 00:18:08+00:00
P0000132,C000102,MEDICAL,2025-05-04,2026-05-03,923.00,ACTIVE,2025-05-04 16:02:52+00:00
P0000133,C000102,PERSONAL_ACCIDENT,2025-01-23,2026-01-22,219.50,ACTIVE,2025-01-23 12:26:01+00:00
P0000134,C000104,MEDICAL,2025-09-13,2026-09-12,3290.30,ACTIVE,2025-09-13 01:46:44+00:00
P0000135,C000105,CRITICAL_ILLNESS,2025-08-23,2026-08-22,3693.50,ACTIVE,2025-08-23 17:48:26+00:00
P0000136,C000105,MEDICAL,2025-03-04,2026-03-03,3834.20,ACTIVE,2025-03-04 04:05:31+00:00
P0000137,C000105,PERSONAL_ACCIDENT,2025-09-02,2026-09-01,292.10,ACTIVE,2025-09-02 09:37:35+00:00
P0000138,C000107,HOSPITALIZATION,2025-10-18,2026-10-17,996.30,ACTIVE,2025-10-18 03:26:58+00:00
P0000139,C000108,HOSPITALIZATION,2025-10-09,2026-10-08,2406.40,ACTIVE,2025-10-09 04:10:44+00:00
P0000140,C000109,MEDICAL,2025-11-09,2026-11-08,1655.50,ACTIVE,2025-11-09 17:24:34+00:00
P0000141,C000109,PERSONAL_ACCIDENT,2025-11-10,2026-11-09,245.10,ACTIVE,2025-11-10 04:22:59+00:00
P0000142,C000110,HOSPITALIZATION,2025-12-25,2026-12-24,2015.60,ACTIVE,2025-12-25 18:07:31+00:00
P0000143,C000111,MEDICAL,2025-09-19,2026-09-18,2227.30,ACTIVE,2025-09-19 07:58:18+00:00
P0000144,C000112,MEDICAL,2025-07-04,2026-07-03,1115.90,ACTIVE,2025-07-04 08:26:37+00:00
P0000145,C000113,CRITICAL_ILLNESS,2025-12-03,2026-12-02,1436.60,ACTIVE,2025-12-03 18:24:12+00:00
P0000146,C000114,PERSONAL_ACCIDENT,2024-12-28,2025-12-27,290.60,LAPSED,2024-12-28 17:33:48+00:00
P0000147,C000115,MEDICAL,2025-11-27,2026-11-26,3808.10,ACTIVE,2025-11-27 10:16:47+00:00
P0000148,C000116,HOSPITALIZATION,2025-03-20,2026-03-19,639.80,ACTIVE,2025-03-20 05:31:09+00:00
P0000149,C000118,HOSPITALIZATION,2025-12-07,2026-12-06,1522.50,ACTIVE,2025-12-07 22:46:40+00:00
P0000150,C000119,HOSPITALIZATION,2024-04-27,2025-04-26,667.90,EXPIRED,2024-04-27 04:46:35+00:00
P0000151,C000119,HOSPITALIZATION,2025-05-02,2026-05-01,678.90,ACTIVE,2025-05-02 09:03:48+00:00
P0000152,C000120,MEDICAL,2025-03-14,2026-03-13,1126.40,ACTIVE,2025-03-14 21:55:41+00:00
P0000153,C000121,MEDICAL,2025-08-06,2026-08-05,1096.40,ACTIVE,2025-08-06 02:28:40+00:00
P0000154,C000122,HOSPITALIZATION,2025-05-01,2026-04-30,695.40,ACTIVE,2025-05-01 21:48:33+00:00
P0000155,C000123,HOSPITALIZATION,2025-05-14,2026-05-13,1636.00,ACTIVE,2025-05-14 08:42:40+00:00
P0000156,C000124,CRITICAL_ILLNESS,2024-12-26,2025-12-25,723.10,EXPIRED,2024-12-26 10:43:01+00:00
P0000157,C000125,PERSONAL_ACCIDENT,2025-06-15,2026-06-14,256.60,ACTIVE,2025-06-15 22:42:52+00:00
P0000158,C000126,CRITICAL_ILLNESS,2024-12-21,2025-12-20,832.30,EXPIRED,2024-12-21 03:25:12+00:00
P0000159,C000127,HOSPITALIZATION,2025-02-02,2026-02-01,605.40,ACTIVE,2025-02-02 10:58:00+00:00
P0000160,C000127,MEDICAL,2025-11-03,2026-11-02,1110.60,ACTIVE,2025-11-03 14:05:56+00:00
P0000161,C000128,HOSPITALIZATION,2025-04-22,2026-04-21,1204.90,ACTIVE,2025-04-22 09:43:52+00:00
P0000162,C000129,PERSONAL_ACCIDENT,2024-12-05,2025-12-04,218.80,EXPIRED,2024-12-05 05:37:37+00:00
P0000163,C000130,MEDICAL,2025-11-11,2026-11-10,3472.90,ACTIVE,2025-11-11 09:33:42+00:00
P0000164,C000130,CRITICAL_ILLNESS,2025-09-10,2026-09-09,3263.60,ACTIVE,2025-09-10 19:16:58+00:00
P0000165,C000131,MEDICAL,2025-02-19,2026-02-18,1692.00,ACTIVE,2025-02-19 07:57:21+00:00
P0000166,C000131,MEDICAL,2025-09-23,2026-09-22,1799.50,LAPSED,2025-09-23 09:52:26+00:00
P0000167,C000132,CRITICAL_ILLNESS,2025-12-26,2026-12-25,896.70,CANCELLED,2025-12-26 00:07:34+00:00
P0000168,C000132,CRITICAL_ILLNESS,2025-09-27,2026-09-26,843.80,LAPSED,2025-09-27 17:39:47+00:00
P0000169,C000133,HOSPITALIZATION,2025-12-23,2026-12-22,2092.20,ACTIVE,2025-12-23 10:31:57+00:00
P0000170,C000134,MEDICAL,2025-09-13,2026-09-12,1258.40,ACTIVE,2025-09-13 17:29:04+00:00
P0000171,C000135,PERSONAL_ACCIDENT,2025-08-18,2026-08-17,257.90,ACTIVE,2025-08-18 11:19:54+00:00
P0000172,C000136,CRITICAL_ILLNESS,2025-11-24,2026-11-23,782.20,ACTIVE,2025-11-24 10:07:20+00:00
P0000173,C000137,PERSONAL_ACCIDENT,2025-12-26,2026-12-25,267.10,ACTIVE,2025-12-26 06:16:03+00:00
P0000174,C000138,MEDICAL,2024-12-01,2025-11-30,2913.40,EXPIRED,2024-12-01 16:31:22+00:00
P0000175,C000138,PERSONAL_ACCIDENT,2025-05-24,2026-05-23,304.50,LAPSED,2025-05-24 12:40:34+00:00
P0000176,C000139,HOSPITALIZATION,2025-12-24,2026-12-23,693.50,ACTIVE,2025-12-24 23:23:34+00:00
P0000177,C000140,MEDICAL,2025-07-19,2026-07-18,4310.40,ACTIVE,2025-07-19 03:22:12+00:00
P0000178,C000141,CRITICAL_ILLNESS,2025-11-30,2026-11-29,2993.60,CANCELLED,2025-11-30 19:48:07+00:00
P0000179,C000143,CRITICAL_ILLNESS,2025-03-22,2026-03-21,763.10,ACTIVE,2025-03-22 11:00:29+00:00
P0000180,C000144,CRITICAL_ILLNESS,2025-11-20,2026-11-19,2862.80,ACTIVE,2025-11-20 20:58:03+00:00
P0000181,C000145,MEDICAL,2025-08-26,2026-08-25,1237.40,ACTIVE,2025-08-26 01:35:06+00:00
P0000182,C000145,HOSPITALIZATION,2025-08-16,2026-08-15,785.60,ACTIVE,2025-08-16 10:40:48+00:00
P0000183,C000146,HOSPITALIZATION,2025-07-22,2026-07-21,2402.10,ACTIVE,2025-07-22 15:01:06+00:00
P0000184,C000147,HOSPITALIZATION,2025-11-22,2026-11-21,2010.80,ACTIVE,2025-11-22 14:09:35+00:00
P0000185,C000147,MEDICAL,2025-12-18,2026-12-17,4006.00,ACTIVE,2025-12-18 10:17:11+00:00
P0000186,C000148,PERSONAL_ACCIDENT,2024-04-02,2025-04-01,217.10,EXPIRED,2024-04-02 00:34:23+00:00
P0000187,C000148,HOSPITALIZATION,2024-11-30,2025-11-29,617.00,EXPIRED,2024-11-30 01:43:10+00:00
P0000188,C000148,PERSONAL_ACCIDENT,2025-06-13,2026-06-12,206.90,ACTIVE,2025-06-13 00:48:23+00:00
P0000189,C000149,HOSPITALIZATION,2025-07-02,2026-07-01,1355.90,ACTIVE,2025-07-02 04:14:03+00:00
P0000190,C000149,HOSPITALIZATION,2024-10-20,2025-10-19,1337.20,EXPIRED,2024-10-20 22:42:29+00:00
P0000191,C000149,HOSPITALIZATION,2025-04-29,2026-04-28,1463.80,ACTIVE,2025-04-29 06:51:52+00:00
P0000192,C000150,MEDICAL,2025-08-13,2026-08-12,1791.50,ACTIVE,2025-08-13 17:35:09+00:00
P0000193,C000151,MEDICAL,2025-04-21,2026-04-20,2169.60,ACTIVE,2025-04-21 13:03:25+00:00
P0000194,C000152,PERSONAL_ACCIDENT,2025-09-15,2026-09-14,269.10,ACTIVE,2025-09-15 06:25:31+00:00
P0000195,C000153,MEDICAL,2025-10-01,2026-09-30,2051.20,ACTIVE,2025-10-01 17:17:00+00:00
P0000196,C000155,HOSPITALIZATION,2025-09-04,2026-09-03,851.30,ACTIVE,2025-09-04 08:17:14+00:00
P0000197,C000155,CRITICAL_ILLNESS,2025-07-05,2026-07-04,1107.70,LAPSED,2025-07-05 18:15:58+00:00
P0000198,C000155,HOSPITALIZATION,2025-10-25,2026-10-24,880.40,ACTIVE,2025-10-25 03:47:12+00:00
P0000199,C000156,CRITICAL_ILLNESS,2025-07-25,2026-07-24,2643.20,ACTIVE,2025-07-25 23:04:48+00:00
P0000200,C000156,MEDICAL,2025-07-02,2026-07-01,3241.30,ACTIVE,2025-07-02 01:38:00+00:00
P0000201,C000157,MEDICAL,2025-03-19,2026-03-18,1281.80,ACTIVE,2025-03-19 08:21:28+00:00
P0000202,C000158,MEDICAL,2024-11-29,2025-11-28,3467.40,EXPIRED,2024-11-29 00:27:20+00:00
P0000203,C000159,MEDICAL,2025-09-12,2026-09-11,1369.60,LAPSED,2025-09-12 07:14:12+00:00
P0000204,C000159,HOSPITALIZATION,2025-04-21,2026-04-20,814.70,ACTIVE,2025-04-21 22:38:51+00:00
P0000205,C000160,MEDICAL,2024-11-05,2025-11-04,3374.10,EXPIRED,2024-11-05 23:27:54+00:00
P0000206,C000160,HOSPITALIZATION,2024-06-28,2025-06-27,1951.00,EXPIRED,2024-06-28 21:22:23+00:00
P0000207,C000161,MEDICAL,2025-04-09,2026-04-08,1073.30,ACTIVE,2025-04-09 09:26:34+00:00
P0000208,C000162,PERSONAL_ACCIDENT,2025-11-19,2026-11-18,259.90,ACTIVE,2025-11-19 19:32:53+00:00
P0000209,C000162,HOSPITALIZATION,2025-11-20,2026-11-19,1460.80,ACTIVE,2025-11-20 08:12:37+00:00
P0000210,C000163,CRITICAL_ILLNESS,2024-09-21,2025-09-20,1251.10,EXPIRED,2024-09-21 11:43:27+00:00
P0000211,C000163,PERSONAL_ACCIDENT,2025-04-20,2026-04-19,260.90,ACTIVE,2025-04-20 19:18:51+00:00
P0000212,C000164,MEDICAL,2025-11-06,2026-11-05,4426.90,ACTIVE,2025-11-06 07:57:58+00:00
P0000213,C000165,MEDICAL,2025-10-21,2026-10-20,3355.00,ACTIVE,2025-10-21 12:09:29+00:00
P0000214,C000166,MEDICAL,2025-11-30,2026-11-29,3798.20,ACTIVE,2025-11-30 06:53:25+00:00
P0000215,C000166,HOSPITALIZATION,2025-11-20,2026-11-19,2156.90,ACTIVE,2025-11-20 10:01:43+00:00
P0000216,C000166,MEDICAL,2025-03-08,2026-03-07,3475.30,ACTIVE,2025-03-08 23:47:21+00:00
P0000217,C000167,PERSONAL_ACCIDENT,2025-10-17,2026-10-16,314.60,ACTIVE,2025-10-17 03:08:44+00:00
P0000218,C000168,MEDICAL,2024-11-27,2025-11-26,3049.50,EXPIRED,2024-11-27 21:03:48+00:00
P0000219,C000169,PERSONAL_ACCIDENT,2024-04-12,2025-04-11,282.00,EXPIRED,2024-04-12 11:27:53+00:00
P0000220,C000170,MEDICAL,2024-06-18,2025-06-17,969.10,EXPIRED,2024-06-18 13:17:44+00:00
P0000221,C000170,MEDICAL,2024-09-22,2025-09-21,954.40,EXPIRED,2024-09-22 00:23:21+00:00
P0000222,C000170,MEDICAL,2025-03-28,2026-03-27,984.30,ACTIVE,2025-03-28 07:48:39+00:00
P0000223,C000171,MEDICAL,2025-09-14,2026-09-13,1137.40,CANCELLED,2025-09-14 10:18:04+00:00
P0000224,C000171,HOSPITALIZATION,2025-09-17,2026-09-16,676.00,ACTIVE,2025-09-17 11:05:19+00:00
P0000225,C000172,PERSONAL_ACCIDENT,2025-12-13,2026-12-12,267.40,ACTIVE,2025-12-13 10:52:17+00:00
P0000226,C000172,HOSPITALIZATION,2025-11-26,2026-11-25,1104.60,ACTIVE,2025-11-26 14:30:30+00:00
P0000227,C000173,PERSONAL_ACCIDENT,2025-03-19,2026-03-18,271.20,CANCELLED,2025-03-19 21:28:42+00:00
P0000228,C000175,PERSONAL_ACCIDENT,2025-04-02,2026-04-01,254.10,ACTIVE,2025-04-02 23:18:36+00:00
P0000229,C000175,PERSONAL_ACCIDENT,2025-02-23,2026-02-22,262.80,ACTIVE,2025-02-23 19:38:21+00:00
P0000230,C000176,MEDICAL,2025-02-11,2026-02-10,4166.20,ACTIVE,2025-02-11 08:42:42+00:00
P0000231,C000176,CRITICAL_ILLNESS,2025-10-27,2026-10-26,4023.80,ACTIVE,2025-10-27 05:11:49+00:00
P0000232,C000178,MEDICAL,2025-06-12,2026-06-11,1004.20,ACTIVE,2025-06-12 17:22:23+00:00
P0000233,C000178,CRITICAL_ILLNESS,2024-07-07,2025-07-06,689.90,EXPIRED,2024-07-07 05:26:45+00:00
P0000234,C000179,PERSONAL_ACCIDENT,2025-10-23,2026-10-22,284.50,ACTIVE,2025-10-23 12:51:07+00:00
P0000235,C000180,HOSPITALIZATION,2025-12-13,2026-12-12,1336.20,ACTIVE,2025-12-13 10:36:28+00:00
P0000236,C000180,HOSPITALIZATION,2025-09-22,2026-09-21,1302.80,CANCELLED,2025-09-22 14:45:17+00:00
P0000237,C000181,HOSPITALIZATION,2025-06-10,2026-06-09,664.40,ACTIVE,2025-06-10 04:39:13+00:00
P0000238,C000181,MEDICAL,2025-11-09,2026-11-08,1208.00,ACTIVE,2025-11-09 17:03:40+00:00
P0000239,C000182,PERSONAL_ACCIDENT,2025-12-07,2026-12-06,243.80,ACTIVE,2025-12-07 20:22:01+00:00
P0000240,C000183,MEDICAL,2025-05-08,2026-05-07,4480.10,ACTIVE,2025-05-08 01:59:57+00:00
P0000241,C000183,MEDICAL,2025-07-07,2026-07-06,4166.50,ACTIVE,2025-07-07 14:18:52+00:00
P0000242,C000184,HOSPITALIZATION,2025-09-18,2026-09-17,717.80,CANCELLED,2025-09-18 16:24:41+00:00
P0000243,C000184,MEDICAL,2025-02-06,2026-02-05,1143.30,ACTIVE,2025-02-06 08:35:19+00:00
P0000244,C000185,HOSPITALIZATION,2025-03-30,2026-03-29,1713.90,ACTIVE,2025-03-30 16:53:46+00:00
P0000245,C000186,CRITICAL_ILLNESS,2025-04-01,2026-03-31,807.80,ACTIVE,2025-04-01 05:21:24+00:00
P0000246,C000187,CRITICAL_ILLNESS,2025-10-15,2026-10-14,1101.00,ACTIVE,2025-10-15 07:46:07+00:00
P0000247,C000188,MEDICAL,2025-10-11,2026-10-10,4242.40,ACTIVE,2025-10-11 02:06:45+00:00
P0000248,C000190,MEDICAL,2025-11-30,2026-11-29,1879.60,ACTIVE,2025-11-30 10:50:10+00:00
P0000249,C000191,HOSPITALIZATION,2025-04-23,2026-04-22,2156.80,ACTIVE,2025-04-23 21:00:10+00:00
P0000250,C000192,MEDICAL,2025-11-14,2026-11-13,1476.80,ACTIVE,2025-11-14 17:57:16+00:00
P0000251,C000192,CRITICAL_ILLNESS,2025-11-05,2026-11-04,1221.20,ACTIVE,2025-11-05 00:02:06+00:00
P0000252,C000193,HOSPITALIZATION,2025-12-20,2026-12-19,830.90,ACTIVE,2025-12-20 17:08:29+00:00
P0000253,C000194,HOSPITALIZATION,2025-09-09,2026-09-08,1793.50,ACTIVE,2025-09-09 08:06:44+00:00
P0000254,C000195,PERSONAL_ACCIDENT,2025-11-17,2026-11-16,257.20,ACTIVE,2025-11-17 20:06:06+00:00
P0000255,C000195,CRITICAL_ILLNESS,2025-08-07,2026-08-06,1576.30,ACTIVE,2025-08-07 18:00:32+00:00
P0000256,C000195,HOSPITALIZATION,2025-08-29,2026-08-28,936.10,ACTIVE,2025-08-29 09:58:36+00:00
P0000257,C000196,CRITICAL_ILLNESS,2025-12-29,2026-12-28,2579.30,CANCELLED,2025-12-29 14:16:47+00:00
P0000258,C000196,CRITICAL_ILLNESS,2025-12-12,2026-12-11,2728.80,ACTIVE,2025-12-12 10:06:24+00:00
P0000259,C000197,CRITICAL_ILLNESS,2025-10-19,2026-10-18,3309.20,ACTIVE,2025-10-19 12:53:49+00:00
P0000260,C000198,HOSPITALIZATION,2025-03-30,2026-03-29,1360.60,ACTIVE,2025-03-30 00:25:07+00:00
P0000261,C000198,MEDICAL,2025-09-21,2026-09-20,2339.40,ACTIVE,2025-09-21 13:04:56+00:00
P0000262,C000200,HOSPITALIZATION,2025-04-25,2026-04-24,710.20,ACTIVE,2025-04-25 16:15:43+00:00
P0000263,C000202,HOSPITALIZATION,2025-03-31,2026-03-30,1091.90,ACTIVE,2025-03-31 09:07:50+00:00
P0000264,C000202,HOSPITALIZATION,2024-07-11,2025-07-10,1094.10,EXPIRED,2024-07-11 20:09:19+00:00
P0000265,C000203,MEDICAL,2025-12-17,2026-12-16,2561.00,ACTIVE,2025-12-17 13:15:12+00:00
P0000266,C000204,CRITICAL_ILLNESS,2024-09-27,2025-09-26,4465.90,EXPIRED,2024-09-27 06:35:35+00:00
P0000267,C000205,MEDICAL,2024-04-15,2025-04-14,1264.00,EXPIRED,2024-04-15 16:33:26+00:00
P0000268,C000205,MEDICAL,2024-03-04,2025-03-03,1133.40,EXPIRED,2024-03-04 12:29:13+00:00
P0000269,C000206,MEDICAL,2025-08-11,2026-08-10,869.50,ACTIVE,2025-08-11 20:43:46+00:00
P0000270,C000206,HOSPITALIZATION,2025-08-11,2026-08-10,551.80,ACTIVE,2025-08-11 02:36:08+00:00
P0000271,C000206,HOSPITALIZATION,2025-10-07,2026-10-06,519.70,ACTIVE,2025-10-07 00:43:47+00:00
P0000272,C000207,HOSPITALIZATION,2025-12-04,2026-12-03,2805.00,ACTIVE,2025-12-04 10:54:25+00:00
P0000273,C000208,MEDICAL,2025-10-13,2026-10-12,1916.90,LAPSED,2025-10-13 09:32:24+00:00
P0000274,C000209,MEDICAL,2025-05-27,2026-05-26,1525.30,ACTIVE,2025-05-27 21:55:09+00:00
P0000275,C000210,HOSPITALIZATION,2025-08-15,2026-08-14,2645.00,ACTIVE,2025-08-15 07:46:39+00:00
P0000276,C000211,MEDICAL,2025-11-18,2026-11-17,1235.50,ACTIVE,2025-11-18 11:21:11+00:00
P0000277,C000212,PERSONAL_ACCIDENT,2025-12-12,2026-12-11,231.90,ACTIVE,2025-12-12 06:33:44+00:00
P0000278,C000213,CRITICAL_ILLNESS,2025-12-21,2026-12-20,3612.10,ACTIVE,2025-12-21 21:47:20+00:00
P0000279,C000214,MEDICAL,2025-01-25,2026-01-24,2991.80,ACTIVE,2025-01-25 03:19:30+00:00
P0000280,C000215,HOSPITALIZATION,2025-08-10,2026-08-09,2010.00,ACTIVE,2025-08-10 23:49:25+00:00
P0000281,C000216,MEDICAL,2025-12-29,2026-12-28,2997.30,ACTIVE,2025-12-29 18:26:22+00:00
P0000282,C000217,CRITICAL_ILLNESS,2025-12-04,2026-12-03,1512.60,ACTIVE,2025-12-04 03:22:07+00:00
P0000283,C000218,MEDICAL,2025-10-25,2026-10-24,1148.50,ACTIVE,2025-10-25 12:14:24+00:00
P0000284,C000218,PERSONAL_ACCIDENT,2025-07-18,2026-07-17,235.30,ACTIVE,2025-07-18 09:47:21+00:00
P0000285,C000219,HOSPITALIZATION,2025-08-27,2026-08-26,771.40,ACTIVE,2025-08-27 19:22:31+00:00
P0000286,C000220,MEDICAL,2025-12-11,2026-12-10,1245.00,ACTIVE,2025-12-11 17:38:26+00:00
P0000287,C000221,MEDICAL,2025-07-11,2026-07-10,1886.10,ACTIVE,2025-07-11 06:11:15+00:00
P0000288,C000222,MEDICAL,2025-11-10,2026-11-09,1832.20,ACTIVE,2025-11-10 06:33:41+00:00
P0000289,C000222,MEDICAL,2025-12-16,2026-12-15,1874.10,ACTIVE,2025-12-16 10:33:47+00:00
P0000290,C000223,HOSPITALIZATION,2025-11-06,2026-11-05,734.50,ACTIVE,2025-11-06 15:33:55+00:00
P0000291,C000224,MEDICAL,2025-07-19,2026-07-18,1543.60,ACTIVE,2025-07-19 11:12:18+00:00
P0000292,C000225,HOSPITALIZATION,2025-08-02,2026-08-01,567.10,ACTIVE,2025-08-02 10:29:15+00:00
P0000293,C000225,MEDICAL,2025-08-13,2026-08-12,1006.80,ACTIVE,2025-08-13 05:13:41+00:00
P0000294,C000226,HOSPITALIZATION,2025-11-23,2026-11-22,696.60,ACTIVE,2025-11-23 10:13:05+00:00
P0000295,C000227,CRITICAL_ILLNESS,2025-10-20,2026-10-19,2364.90,ACTIVE,2025-10-20 11:15:50+00:00
P0000296,C000227,MEDICAL,2025-03-15,2026-03-14,2374.50,ACTIVE,2025-03-15 15:13:41+00:00
P0000297,C000228,MEDICAL,2025-12-14,2026-12-13,3509.30,LAPSED,2025-12-14 13:21:54+00:00
P0000298,C000229,MEDICAL,2025-12-29,2026-12-28,901.80,CANCELLED,2025-12-29 18:47:23+00:00
P0000299,C000229,MEDICAL,2025-11-14,2026-11-13,917.00,ACTIVE,2025-11-14 03:58:43+00:00
P0000300,C000230,MEDICAL,2025-12-22,2026-12-21,2066.40,LAPSED,2025-12-22 06:16:22+00:00
P0000301,C000230,MEDICAL,2025-09-19,2026-09-18,2320.50,CANCELLED,2025-09-19 21:54:02+00:00
P0000302,C000231,MEDICAL,2025-12-09,2026-12-08,4311.00,ACTIVE,2025-12-09 08:10:39+00:00
P0000303,C000232,PERSONAL_ACCIDENT,2025-03-01,2026-02-28,274.80,ACTIVE,2025-03-01 09:37:02+00:00
P0000304,C000233,HOSPITALIZATION,2025-07-20,2026-07-19,2390.80,ACTIVE,2025-07-20 03:47:38+00:00
P0000305,C000233,MEDICAL,2025-11-16,2026-11-15,3840.70,ACTIVE,2025-11-16 22:56:36+00:00
P0000306,C000233,CRITICAL_ILLNESS,2025-07-14,2026-07-13,3691.90,ACTIVE,2025-07-14 03:50:34+00:00
P0000307,C000234,CRITICAL_ILLNESS,2025-12-16,2026-12-15,4020.40,ACTIVE,2025-12-16 02:25:42+00:00
P0000308,C000235,MEDICAL,2025-05-29,2026-05-28,1090.30,ACTIVE,2025-05-29 00:47:42+00:00
P0000309,C000235,HOSPITALIZATION,2025-07-11,2026-07-10,709.10,ACTIVE,2025-07-11 13:39:05+00:00
P0000310,C000236,MEDICAL,2024-09-05,2025-09-04,1510.10,EXPIRED,2024-09-05 17:05:48+00:00
P0000311,C000237,MEDICAL,2024-07-17,2025-07-16,959.90,EXPIRED,2024-07-17 14:57:49+00:00
P0000312,C000237,MEDICAL,2025-01-03,2026-01-02,891.60,ACTIVE,2025-01-03 22:08:12+00:00
P0000313,C000238,MEDICAL,2025-06-20,2026-06-19,1225.30,ACTIVE,2025-06-20 12:32:14+00:00
P0000314,C000238,HOSPITALIZATION,2025-07-15,2026-07-14,767.60,ACTIVE,2025-07-15 21:46:05+00:00
P0000315,C000239,HOSPITALIZATION,2025-11-18,2026-11-17,1374.30,ACTIVE,2025-11-18 04:09:37+00:00
P0000316,C000240,HOSPITALIZATION,2025-12-03,2026-12-02,1277.10,ACTIVE,2025-12-03 14:14:24+00:00
P0000317,C000242,PERSONAL_ACCIDENT,2025-07-15,2026-07-14,258.40,ACTIVE,2025-07-15 04:47:14+00:00
P0000318,C000243,MEDICAL,2025-01-05,2026-01-04,3200.80,ACTIVE,2025-01-05 09:55:10+00:00
P0000319,C000244,MEDICAL,2025-12-17,2026-12-16,1512.40,ACTIVE,2025-12-17 12:39:29+00:00
P0000320,C000244,HOSPITALIZATION,2025-01-27,2026-01-26,828.00,ACTIVE,2025-01-27 03:35:51+00:00
P0000321,C000246,CRITICAL_ILLNESS,2025-02-19,2026-02-18,2723.90,ACTIVE,2025-02-19 00:33:14+00:00
P0000322,C000247,MEDICAL,2025-08-07,2026-08-06,1112.80,ACTIVE,2025-08-07 19:56:37+00:00
P0000323,C000248,PERSONAL_ACCIDENT,2025-12-16,2026-12-15,298.60,ACTIVE,2025-12-16 03:00:31+00:00
P0000324,C000248,HOSPITALIZATION,2025-07-10,2026-07-09,2123.70,ACTIVE,2025-07-10 12:24:42+00:00
P0000325,C000249,MEDICAL,2025-04-02,2026-04-01,2791.50,ACTIVE,2025-04-02 14:40:31+00:00
P0000326,C000249,PERSONAL_ACCIDENT,2024-11-11,2025-11-10,301.70,LAPSED,2024-11-11 20:14:26+00:00
P0000327,C000250,MEDICAL,2025-10-05,2026-10-04,3076.20,ACTIVE,2025-10-05 14:35:36+00:00
P0000328,C000250,HOSPITALIZATION,2025-07-10,2026-07-09,1686.20,ACTIVE,2025-07-10 14:01:48+00:00
P0000329,C000251,CRITICAL_ILLNESS,2025-01-19,2026-01-18,3464.10,CANCELLED,2025-01-19 20:41:25+00:00
P0000330,C000251,HOSPITALIZATION,2025-01-10,2026-01-09,1950.60,ACTIVE,2025-01-10 12:55:02+00:00
P0000331,C000252,MEDICAL,2025-06-25,2026-06-24,4393.90,ACTIVE,2025-06-25 16:16:29+00:00
P0000332,C000253,PERSONAL_ACCIDENT,2025-11-01,2026-10-31,302.70,ACTIVE,2025-11-01 07:28:48+00:00
P0000333,C000254,HOSPITALIZATION,2025-07-06,2026-07-05,1794.20,ACTIVE,2025-07-06 04:14:50+00:00
P0000334,C000257,HOSPITALIZATION,2025-04-25,2026-04-24,1635.00,ACTIVE,2025-04-25 08:45:44+00:00
P0000335,C000258,CRITICAL_ILLNESS,2025-06-19,2026-06-18,2061.10,ACTIVE,2025-06-19 11:30:43+00:00
P0000336,C000259,MEDICAL,2024-11-07,2025-11-06,1160.20,EXPIRED,2024-11-07 14:48:58+00:00
P0000337,C000260,PERSONAL_ACCIDENT,2025-12-12,2026-12-11,250.10,ACTIVE,2025-12-12 07:08:54+00:00
P0000338,C000261,HOSPITALIZATION,2025-12-03,2026-12-02,1387.10,ACTIVE,2025-12-03 21:56:20+00:00
P0000339,C000262,PERSONAL_ACCIDENT,2025-05-04,2026-05-03,286.30,ACTIVE,2025-05-04 16:43:03+00:00
P0000340,C000263,HOSPITALIZATION,2025-07-02,2026-07-01,1329.80,ACTIVE,2025-07-02 05:03:36+00:00
P0000341,C000263,MEDICAL,2025-04-02,2026-04-01,2242.70,ACTIVE,2025-04-02 20:35:21+00:00
P0000342,C000264,HOSPITALIZATION,2025-03-05,2026-03-04,1016.50,ACTIVE,2025-03-05 14:11:32+00:00
P0000343,C000265,MEDICAL,2024-05-09,2025-05-08,1609.30,EXPIRED,2024-05-09 06:13:16+00:00
P0000344,C000266,MEDICAL,2025-10-07,2026-10-06,2192.80,ACTIVE,2025-10-07 22:32:21+00:00
P0000345,C000267,MEDICAL,2025-09-21,2026-09-20,1843.60,ACTIVE,2025-09-21 03:53:08+00:00
P0000346,C000267,CRITICAL_ILLNESS,2025-09-21,2026-09-20,1617.40,ACTIVE,2025-09-21 23:05:58+00:00
P0000347,C000268,MEDICAL,2025-01-28,2026-01-27,3329.70,ACTIVE,2025-01-28 22:29:24+00:00
P0000348,C000269,HOSPITALIZATION,2025-09-25,2026-09-24,2418.50,ACTIVE,2025-09-25 22:36:43+00:00
P0000349,C000269,PERSONAL_ACCIDENT,2025-12-25,2026-12-24,303.90,ACTIVE,2025-12-25 04:50:51+00:00
P0000350,C000270,MEDICAL,2025-07-04,2026-07-03,4136.00,ACTIVE,2025-07-04 13:36:33+00:00
P0000351,C000271,MEDICAL,2024-10-28,2025-10-27,2302.30,EXPIRED,2024-10-28 17:09:03+00:00
P0000352,C000272,MEDICAL,2024-04-12,2025-04-11,1047.90,EXPIRED,2024-04-12 18:10:25+00:00
P0000353,C000272,MEDICAL,2024-08-31,2025-08-30,1071.40,EXPIRED,2024-08-31 12:16:48+00:00
P0000354,C000273,MEDICAL,2025-10-01,2026-09-30,2516.80,ACTIVE,2025-10-01 17:50:13+00:00
P0000355,C000273,HOSPITALIZATION,2025-11-23,2026-11-22,1383.00,ACTIVE,2025-11-23 23:28:58+00:00
P0000356,C000273,MEDICAL,2025-06-08,2026-06-07,2559.30,ACTIVE,2025-06-08 07:22:46+00:00
P0000357,C000275,HOSPITALIZATION,2025-04-08,2026-04-07,2725.10,ACTIVE,2025-04-08 09:32:24+00:00
P0000358,C000275,CRITICAL_ILLNESS,2024-11-02,2025-11-01,4480.20,EXPIRED,2024-11-02 19:09:23+00:00
P0000359,C000276,MEDICAL,2025-12-15,2026-12-14,4848.50,ACTIVE,2025-12-15 21:57:27+00:00
P0000360,C000276,CRITICAL_ILLNESS,2025-04-22,2026-04-21,4622.90,CANCELLED,2025-04-22 11:52:31+00:00
P0000361,C000277,HOSPITALIZATION,2025-08-19,2026-08-18,2359.10,ACTIVE,2025-08-19 03:47:16+00:00
P0000362,C000277,PERSONAL_ACCIDENT,2025-11-08,2026-11-07,324.50,CANCELLED,2025-11-08 06:33:28+00:00
P0000363,C000279,MEDICAL,2024-10-02,2025-10-01,2424.50,EXPIRED,2024-10-02 11:45:05+00:00
P0000364,C000280,MEDICAL,2025-12-30,2026-12-29,1183.50,ACTIVE,2025-12-30 11:53:57+00:00
P0000365,C000280,HOSPITALIZATION,2025-10-26,2026-10-25,659.70,ACTIVE,2025-10-26 21:27:30+00:00
P0000366,C000281,MEDICAL,2025-09-19,2026-09-18,4036.90,ACTIVE,2025-09-19 01:23:10+00:00
P0000367,C000282,MEDICAL,2024-04-10,2025-04-09,1255.90,EXPIRED,2024-04-10 21:28:54+00:00
P0000368,C000284,MEDICAL,2025-11-29,2026-11-28,2187.80,ACTIVE,2025-11-29 03:22:59+00:00
P0000369,C000285,HOSPITALIZATION,2025-11-06,2026-11-05,711.70,ACTIVE,2025-11-06 10:23:11+00:00
P0000370,C000285,MEDICAL,2025-12-23,2026-12-22,1216.70,ACTIVE,2025-12-23 18:59:19+00:00
P0000371,C000286,MEDICAL,2024-04-07,2025-04-06,3028.30,EXPIRED,2024-04-07 07:17:49+00:00
P0000372,C000287,MEDICAL,2025-11-08,2026-11-07,1193.40,ACTIVE,2025-11-08 16:03:31+00:00
P0000373,C000288,MEDICAL,2025-07-28,2026-07-27,1280.50,ACTIVE,2025-07-28 14:36:07+00:00
P0000374,C000289,HOSPITALIZATION,2025-12-17,2026-12-16,1788.50,LAPSED,2025-12-17 11:44:07+00:00
P0000375,C000290,HOSPITALIZATION,2025-11-25,2026-11-24,533.90,ACTIVE,2025-11-25 21:25:09+00:00
P0000376,C000291,MEDICAL,2025-10-29,2026-10-28,4842.70,ACTIVE,2025-10-29 00:03:07+00:00
P0000377,C000291,CRITICAL_ILLNESS,2025-12-15,2026-12-14,4971.90,ACTIVE,2025-12-15 20:38:23+00:00
P0000378,C000291,HOSPITALIZATION,2024-08-18,2025-08-17,2399.60,EXPIRED,2024-08-18 14:15:18+00:00
P0000379,C000292,HOSPITALIZATION,2025-08-16,2026-08-15,886.80,ACTIVE,2025-08-16 16:48:57+00:00
P0000380,C000293,MEDICAL,2025-02-06,2026-02-05,3296.70,ACTIVE,2025-02-06 18:18:28+00:00
P0000381,C000293,MEDICAL,2025-01-05,2026-01-04,3402.50,ACTIVE,2025-01-05 02:13:31+00:00
P0000382,C000295,PERSONAL_ACCIDENT,2025-03-07,2026-03-06,279.30,ACTIVE,2025-03-07 13:47:44+00:00
P0000383,C000296,CRITICAL_ILLNESS,2024-12-23,2025-12-22,2975.00,EXPIRED,2024-12-23 07:46:46+00:00
P0000384,C000297,HOSPITALIZATION,2025-11-24,2026-11-23,881.40,ACTIVE,2025-11-24 00:18:33+00:00
P0000385,C000298,PERSONAL_ACCIDENT,2025-07-18,2026-07-17,276.30,ACTIVE,2025-07-18 17:53:44+00:00
P0000386,C000298,PERSONAL_ACCIDENT,2024-07-25,2025-07-24,297.10,EXPIRED,2024-07-25 00:45:52+00:00
P0000387,C000299,MEDICAL,2024-12-31,2025-12-30,1012.80,EXPIRED,2024-12-31 13:35:36+00:00
P0000388,C000300,CRITICAL_ILLNESS,2025-12-02,2026-12-01,1351.80,ACTIVE,2025-12-02 13:05:45+00:00
P0000389,C000300,MEDICAL,2025-10-27,2026-10-26,1578.20,ACTIVE,2025-10-27 04:26:58+00:00
P0000390,C000301,PERSONAL_ACCIDENT,2025-11-16,2026-11-15,289.80,ACTIVE,2025-11-16 10:05:33+00:00
P0000391,C000302,MEDICAL,2025-02-14,2026-02-13,3716.60,ACTIVE,2025-02-14 06:33:12+00:00
P0000392,C000302,MEDICAL,2025-11-24,2026-11-23,4297.60,ACTIVE,2025-11-24 20:33:50+00:00
P0000393,C000303,HOSPITALIZATION,2025-09-21,2026-09-20,817.00,ACTIVE,2025-09-21 05:32:54+00:00
P0000394,C000303,MEDICAL,2025-03-21,2026-03-20,1343.20,ACTIVE,2025-03-21 00:17:29+00:00
P0000395,C000304,HOSPITALIZATION,2024-11-20,2025-11-19,560.40,EXPIRED,2024-11-20 07:20:52+00:00
P0000396,C000307,PERSONAL_ACCIDENT,2025-06-13,2026-06-12,329.40,ACTIVE,2025-06-13 06:35:11+00:00
P0000397,C000308,MEDICAL,2025-07-10,2026-07-09,1420.10,ACTIVE,2025-07-10 16:04:29+00:00
P0000398,C000309,MEDICAL,2025-02-08,2026-02-07,1738.80,ACTIVE,2025-02-08 21:09:37+00:00
P0000399,C000310,HOSPITALIZATION,2025-10-03,2026-10-02,575.80,ACTIVE,2025-10-03 08:47:46+00:00
P0000400,C000311,MEDICAL,2024-04-12,2025-04-11,3553.80,EXPIRED,2024-04-12 03:58:55+00:00
P0000401,C000312,HOSPITALIZATION,2025-12-16,2026-12-15,939.80,ACTIVE,2025-12-16 07:31:22+00:00
P0000402,C000313,MEDICAL,2025-12-07,2026-12-06,3957.10,ACTIVE,2025-12-07 11:06:36+00:00
P0000403,C000313,MEDICAL,2025-09-05,2026-09-04,4476.10,ACTIVE,2025-09-05 22:47:02+00:00
P0000404,C000314,HOSPITALIZATION,2025-12-28,2026-12-27,549.40,ACTIVE,2025-12-28 20:26:58+00:00
P0000405,C000314,HOSPITALIZATION,2025-12-26,2026-12-25,548.80,ACTIVE,2025-12-26 18:24:05+00:00
P0000406,C000315,HOSPITALIZATION,2025-10-19,2026-10-18,1607.70,ACTIVE,2025-10-19 09:49:19+00:00
P0000407,C000316,MEDICAL,2024-03-08,2025-03-07,2303.70,EXPIRED,2024-03-08 16:06:38+00:00
P0000408,C000318,CRITICAL_ILLNESS,2025-12-23,2026-12-22,1217.10,ACTIVE,2025-12-23 08:10:07+00:00
P0000409,C000318,MEDICAL,2025-12-27,2026-12-26,1413.70,ACTIVE,2025-12-27 14:24:44+00:00
P0000410,C000319,MEDICAL,2025-08-17,2026-08-16,1417.70,ACTIVE,2025-08-17 08:42:19+00:00
P0000411,C000319,HOSPITALIZATION,2025-09-08,2026-09-07,828.60,ACTIVE,2025-09-08 12:42:12+00:00
P0000412,C000319,PERSONAL_ACCIDENT,2025-09-03,2026-09-02,225.70,LAPSED,2025-09-03 12:07:27+00:00
P0000413,C000320,HOSPITALIZATION,2024-02-22,2025-02-21,561.90,EXPIRED,2024-02-22 16:06:38+00:00
P0000414,C000320,PERSONAL_ACCIDENT,2025-10-08,2026-10-07,225.20,ACTIVE,2025-10-08 23:19:46+00:00
P0000415,C000322,MEDICAL,2025-05-08,2026-05-07,1300.60,ACTIVE,2025-05-08 15:12:07+00:00
P0000416,C000322,CRITICAL_ILLNESS,2024-04-09,2025-04-08,959.00,EXPIRED,2024-04-09 22:46:43+00:00
P0000417,C000323,MEDICAL,2025-12-29,2026-12-28,4792.80,ACTIVE,2025-12-29 17:49:37+00:00
P0000418,C000323,CRITICAL_ILLNESS,2025-12-27,2026-12-26,4613.40,ACTIVE,2025-12-27 21:51:59+00:00
P0000419,C000324,HOSPITALIZATION,2025-05-15,2026-05-14,1069.20,ACTIVE,2025-05-15 15:34:32+00:00
P0000420,C000324,HOSPITALIZATION,2025-04-29,2026-04-28,1062.50,ACTIVE,2025-04-29 01:36:46+00:00
P0000421,C000324,HOSPITALIZATION,2025-07-02,2026-07-01,1183.60,ACTIVE,2025-07-02 22:23:01+00:00
P0000422,C000325,CRITICAL_ILLNESS,2025-11-25,2026-11-24,2598.50,CANCELLED,2025-11-25 12:14:04+00:00
P0000423,C000326,MEDICAL,2025-09-07,2026-09-06,4324.10,ACTIVE,2025-09-07 13:08:02+00:00
P0000424,C000327,MEDICAL,2025-08-18,2026-08-17,2221.60,ACTIVE,2025-08-18 06:56:59+00:00
P0000425,C000327,MEDICAL,2025-12-19,2026-12-18,2325.70,ACTIVE,2025-12-19 17:09:10+00:00
P0000426,C000328,MEDICAL,2025-11-13,2026-11-12,2377.40,ACTIVE,2025-11-13 22:58:41+00:00
P0000427,C000329,MEDICAL,2025-11-04,2026-11-03,2609.40,ACTIVE,2025-11-04 03:21:48+00:00
P0000428,C000330,CRITICAL_ILLNESS,2025-10-13,2026-10-12,884.70,ACTIVE,2025-10-13 09:14:15+00:00
P0000429,C000330,MEDICAL,2024-12-13,2025-12-12,988.40,EXPIRED,2024-12-13 19:10:54+00:00
P0000430,C000331,MEDICAL,2025-08-20,2026-08-19,986.30,ACTIVE,2025-08-20 20:37:08+00:00
P0000431,C000332,CRITICAL_ILLNESS,2025-12-12,2026-12-11,1874.70,ACTIVE,2025-12-12 06:56:15+00:00
P0000432,C000333,MEDICAL,2024-03-21,2025-03-20,1119.30,EXPIRED,2024-03-21 20:41:08+00:00
P0000433,C000333,MEDICAL,2025-08-03,2026-08-02,1217.20,ACTIVE,2025-08-03 01:25:37+00:00
P0000434,C000334,HOSPITALIZATION,2025-11-04,2026-11-03,551.90,ACTIVE,2025-11-04 00:48:27+00:00
P0000435,C000335,MEDICAL,2025-12-22,2026-12-21,1247.00,ACTIVE,2025-12-22 09:17:27+00:00
P0000436,C000335,HOSPITALIZATION,2025-12-07,2026-12-06,796.40,ACTIVE,2025-12-07 18:15:14+00:00
P0000437,C000336,MEDICAL,2024-12-05,2025-12-04,1543.30,EXPIRED,2024-12-05 12:09:18+00:00
P0000438,C000336,HOSPITALIZATION,2025-03-06,2026-03-05,879.50,ACTIVE,2025-03-06 09:50:56+00:00
P0000439,C000337,MEDICAL,2025-08-12,2026-08-11,3153.40,ACTIVE,2025-08-12 01:52:52+00:00
P0000440,C000337,HOSPITALIZATION,2024-12-22,2025-12-21,1806.20,EXPIRED,2024-12-22 06:54:44+00:00
P0000441,C000338,PERSONAL_ACCIDENT,2025-01-28,2026-01-27,302.50,ACTIVE,2025-01-28 16:00:38+00:00
P0000442,C000338,MEDICAL,2025-01-06,2026-01-05,3438.60,ACTIVE,2025-01-06 22:52:27+00:00
P0000443,C000339,PERSONAL_ACCIDENT,2025-12-31,2026-12-30,257.90,ACTIVE,2025-12-31 08:40:41+00:00
P0000444,C000340,HOSPITALIZATION,2025-12-23,2026-12-22,1437.60,ACTIVE,2025-12-23 00:12:20+00:00
P0000445,C000341,HOSPITALIZATION,2025-08-03,2026-08-02,1882.40,ACTIVE,2025-08-03 19:55:57+00:00
P0000446,C000341,CRITICAL_ILLNESS,2025-08-10,2026-08-09,3223.70,ACTIVE,2025-08-10 09:34:27+00:00
P0000447,C000342,MEDICAL,2025-12-11,2026-12-10,4413.40,ACTIVE,2025-12-11 10:51:48+00:00
P0000448,C000343,PERSONAL_ACCIDENT,2024-10-19,2025-10-18,227.90,EXPIRED,2024-10-19 06:58:59+00:00
P0000449,C000343,MEDICAL,2024-09-29,2025-09-28,914.70,EXPIRED,2024-09-29 01:17:17+00:00
P0000450,C000343,MEDICAL,2025-03-23,2026-03-22,955.90,ACTIVE,2025-03-23 18:59:19+00:00
P0000451,C000344,MEDICAL,2025-09-30,2026-09-29,1229.90,ACTIVE,2025-09-30 00:24:29+00:00
P0000452,C000345,HOSPITALIZATION,2025-07-29,2026-07-28,1812.90,ACTIVE,2025-07-29 21:16:43+00:00
P0000453,C000346,CRITICAL_ILLNESS,2025-04-11,2026-04-10,908.00,ACTIVE,2025-04-11 08:21:31+00:00
P0000454,C000347,PERSONAL_ACCIDENT,2025-07-11,2026-07-10,258.10,ACTIVE,2025-07-11 12:24:07+00:00
P0000455,C000348,PERSONAL_ACCIDENT,2025-04-29,2026-04-28,286.80,ACTIVE,2025-04-29 02:31:15+00:00
P0000456,C000348,HOSPITALIZATION,2025-05-12,2026-05-11,1199.00,ACTIVE,2025-05-12 14:38:14+00:00
P0000457,C000349,CRITICAL_ILLNESS,2025-05-16,2026-05-15,972.40,ACTIVE,2025-05-16 18:23:47+00:00
P0000458,C000349,CRITICAL_ILLNESS,2025-07-16,2026-07-15,894.50,ACTIVE,2025-07-16 09:55:48+00:00
P0000459,C000350,MEDICAL,2025-09-14,2026-09-13,2551.30,LAPSED,2025-09-14 04:44:10+00:00
P0000460,C000351,PERSONAL_ACCIDENT,2025-10-23,2026-10-22,220.00,ACTIVE,2025-10-23 19:04:39+00:00
P0000461,C000351,MEDICAL,2025-08-29,2026-08-28,1046.70,ACTIVE,2025-08-29 11:51:35+00:00
P0000462,C000352,MEDICAL,2025-10-18,2026-10-17,2603.20,CANCELLED,2025-10-18 00:26:03+00:00
P0000463,C000353,MEDICAL,2025-07-07,2026-07-06,1113.10,ACTIVE,2025-07-07 07:04:41+00:00
P0000464,C000353,PERSONAL_ACCIDENT,2025-11-29,2026-11-28,229.10,ACTIVE,2025-11-29 23:16:01+00:00
P0000465,C000353,MEDICAL,2025-09-20,2026-09-19,1077.10,ACTIVE,2025-09-20 14:33:08+00:00
P0000466,C000356,HOSPITALIZATION,2025-11-19,2026-11-18,669.20,ACTIVE,2025-11-19 06:22:58+00:00
P0000467,C000357,HOSPITALIZATION,2025-09-18,2026-09-17,1480.60,ACTIVE,2025-09-18 16:33:19+00:00
P0000468,C000357,MEDICAL,2025-08-01,2026-07-31,2544.50,ACTIVE,2025-08-01 09:14:19+00:00
P0000469,C000357,HOSPITALIZATION,2025-07-19,2026-07-18,1497.10,CANCELLED,2025-07-19 16:24:34+00:00
P0000470,C000358,HOSPITALIZATION,2025-06-28,2026-06-27,1055.10,ACTIVE,2025-06-28 08:28:14+00:00
P0000471,C000358,PERSONAL_ACCIDENT,2024-10-11,2025-10-10,269.00,EXPIRED,2024-10-11 18:18:39+00:00
P0000472,C000359,PERSONAL_ACCIDENT,2025-12-11,2026-12-10,283.10,ACTIVE,2025-12-11 13:41:35+00:00
P0000473,C000359,PERSONAL_ACCIDENT,2025-12-23,2026-12-22,288.80,ACTIVE,2025-12-23 20:05:41+00:00
P0000474,C000360,CRITICAL_ILLNESS,2024-03-24,2025-03-23,3078.80,CANCELLED,2024-03-24 13:58:58+00:00
P0000475,C000361,CRITICAL_ILLNESS,2024-09-25,2025-09-24,2783.10,EXPIRED,2024-09-25 12:00:44+00:00
P0000476,C000361,MEDICAL,2024-10-28,2025-10-27,2949.70,EXPIRED,2024-10-28 14:05:53+00:00
P0000477,C000361,MEDICAL,2025-12-05,2026-12-04,3459.10,ACTIVE,2025-12-05 13:16:37+00:00
P0000478,C000362,MEDICAL,2025-10-30,2026-10-29,1875.90,ACTIVE,2025-10-30 08:12:50+00:00
P0000479,C000365,CRITICAL_ILLNESS,2024-04-13,2025-04-12,1176.30,EXPIRED,2024-04-13 06:55:23+00:00
P0000480,C000365,PERSONAL_ACCIDENT,2025-08-13,2026-08-12,268.20,ACTIVE,2025-08-13 19:04:54+00:00
P0000481,C000365,MEDICAL,2024-11-04,2025-11-03,1500.80,EXPIRED,2024-11-04 11:38:07+00:00
P0000482,C000366,PERSONAL_ACCIDENT,2025-11-06,2026-11-05,314.30,ACTIVE,2025-11-06 14:12:12+00:00
P0000483,C000368,MEDICAL,2024-12-29,2025-12-28,3299.60,EXPIRED,2024-12-29 06:06:30+00:00
P0000484,C000369,MEDICAL,2025-06-28,2026-06-27,1977.40,ACTIVE,2025-06-28 18:59:44+00:00
P0000485,C000370,MEDICAL,2025-12-23,2026-12-22,1774.10,ACTIVE,2025-12-23 07:31:01+00:00
P0000486,C000371,HOSPITALIZATION,2025-11-30,2026-11-29,2599.00,ACTIVE,2025-11-30 05:16:08+00:00
P0000487,C000372,PERSONAL_ACCIDENT,2025-08-03,2026-08-02,228.40,ACTIVE,2025-08-03 23:36:24+00:00
P0000488,C000372,MEDICAL,2025-08-16,2026-08-15,1196.60,ACTIVE,2025-08-16 21:47:43+00:00
P0000489,C000373,MEDICAL,2024-11-09,2025-11-08,2036.20,EXPIRED,2024-11-09 21:29:09+00:00
P0000490,C000374,HOSPITALIZATION,2025-12-27,2026-12-26,915.30,ACTIVE,2025-12-27 15:50:50+00:00
P0000491,C000375,MEDICAL,2025-01-30,2026-01-29,1752.10,ACTIVE,2025-01-30 17:03:07+00:00
P0000492,C000376,PERSONAL_ACCIDENT,2024-07-21,2025-07-20,282.90,EXPIRED,2024-07-21 13:58:56+00:00
P0000493,C000376,MEDICAL,2025-01-25,2026-01-24,3507.70,ACTIVE,2025-01-25 08:31:53+00:00
P0000494,C000376,HOSPITALIZATION,2025-12-08,2026-12-07,2157.20,ACTIVE,2025-12-08 11:25:39+00:00
P0000495,C000377,HOSPITALIZATION,2025-07-26,2026-07-25,1909.90,ACTIVE,2025-07-26 14:57:56+00:00
P0000496,C000378,PERSONAL_ACCIDENT,2024-07-24,2025-07-23,271.90,EXPIRED,2024-07-24 12:33:05+00:00
P0000497,C000378,HOSPITALIZATION,2025-08-28,2026-08-27,1565.40,ACTIVE,2025-08-28 00:05:46+00:00
P0000498,C000379,HOSPITALIZATION,2024-09-16,2025-09-15,2096.50,EXPIRED,2024-09-16 06:27:21+00:00
P0000499,C000379,HOSPITALIZATION,2024-09-13,2025-09-12,2052.90,EXPIRED,2024-09-13 20:51:39+00:00
P0000500,C000380,CRITICAL_ILLNESS,2025-09-06,2026-09-05,1439.70,ACTIVE,2025-09-06 13:35:37+00:00
P0000501,C000381,CRITICAL_ILLNESS,2025-12-21,2026-12-20,4026.80,ACTIVE,2025-12-21 23:16:55+00:00
P0000502,C000383,HOSPITALIZATION,2025-07-06,2026-07-05,1943.20,ACTIVE,2025-07-06 01:17:09+00:00
P0000503,C000384,CRITICAL_ILLNESS,2025-09-17,2026-09-16,4855.60,ACTIVE,2025-09-17 10:01:56+00:00
P0000504,C000385,MEDICAL,2025-05-22,2026-05-21,2349.20,ACTIVE,2025-05-22 23:15:13+00:00
P0000505,C000385,HOSPITALIZATION,2025-07-23,2026-07-22,1389.20,ACTIVE,2025-07-23 15:27:50+00:00
P0000506,C000386,MEDICAL,2025-12-06,2026-12-05,3562.30,ACTIVE,2025-12-06 11:37:44+00:00
P0000507,C000387,MEDICAL,2025-06-23,2026-06-22,1366.60,ACTIVE,2025-06-23 20:47:19+00:00
P0000508,C000387,MEDICAL,2025-08-11,2026-08-10,1388.20,ACTIVE,2025-08-11 13:35:05+00:00
P0000509,C000388,MEDICAL,2025-06-25,2026-06-24,3505.50,CANCELLED,2025-06-25 08:19:52+00:00
P0000510,C000389,MEDICAL,2025-08-02,2026-08-01,3827.10,ACTIVE,2025-08-02 09:07:23+00:00
P0000511,C000389,PERSONAL_ACCIDENT,2025-07-05,2026-07-04,308.30,ACTIVE,2025-07-05 13:47:22+00:00
P0000512,C000390,MEDICAL,2025-10-23,2026-10-22,4584.50,ACTIVE,2025-10-23 23:34:06+00:00
P0000513,C000390,CRITICAL_ILLNESS,2025-08-07,2026-08-06,4302.60,ACTIVE,2025-08-07 11:10:20+00:00
P0000514,C000391,MEDICAL,2025-04-19,2026-04-18,3897.10,ACTIVE,2025-04-19 16:41:31+00:00
P0000515,C000391,PERSONAL_ACCIDENT,2025-10-27,2026-10-26,336.60,LAPSED,2025-10-27 05:51:07+00:00
P0000516,C000392,PERSONAL_ACCIDENT,2024-03-13,2025-03-12,262.30,CANCELLED,2024-03-13 15:38:43+00:00
P0000517,C000394,MEDICAL,2024-04-23,2025-04-22,2799.30,EXPIRED,2024-04-23 22:13:33+00:00
P0000518,C000395,HOSPITALIZATION,2025-12-27,2026-12-26,1897.00,CANCELLED,2025-12-27 01:26:22+00:00
P0000519,C000395,PERSONAL_ACCIDENT,2025-12-13,2026-12-12,303.00,ACTIVE,2025-12-13 07:35:08+00:00
P0000520,C000396,MEDICAL,2025-06-17,2026-06-16,3291.80,ACTIVE,2025-06-17 09:40:45+00:00
P0000521,C000396,MEDICAL,2025-09-06,2026-09-05,3346.60,ACTIVE,2025-09-06 09:25:53+00:00
P0000522,C000397,MEDICAL,2025-09-14,2026-09-13,1691.70,ACTIVE,2025-09-14 16:11:57+00:00
P0000523,C000398,HOSPITALIZATION,2025-01-21,2026-01-20,724.60,ACTIVE,2025-01-21 06:23:56+00:00
P0000524,C000398,CRITICAL_ILLNESS,2024-09-16,2025-09-15,1015.50,EXPIRED,2024-09-16 10:15:11+00:00
P0000525,C000399,MEDICAL,2025-01-06,2026-01-05,979.50,ACTIVE,2025-01-06 07:45:27+00:00
P0000526,C000400,HOSPITALIZATION,2024-07-25,2025-07-24,1683.50,CANCELLED,2024-07-25 22:21:51+00:00
P0000527,C000401,MEDICAL,2025-09-28,2026-09-27,2570.50,CANCELLED,2025-09-28 03:22:35+00:00
P0000528,C000402,MEDICAL,2025-12-07,2026-12-06,2505.90,ACTIVE,2025-12-07 19:52:52+00:00
P0000529,C000403,MEDICAL,2025-11-27,2026-11-26,1913.50,ACTIVE,2025-11-27 11:15:23+00:00
P0000530,C000403,HOSPITALIZATION,2025-11-21,2026-11-20,1130.50,ACTIVE,2025-11-21 05:28:33+00:00
P0000531,C000404,CRITICAL_ILLNESS,2025-10-09,2026-10-08,2439.90,ACTIVE,2025-10-09 14:07:24+00:00
P0000532,C000405,HOSPITALIZATION,2024-07-29,2025-07-28,632.00,EXPIRED,2024-07-29 22:01:02+00:00
P0000533,C000406,CRITICAL_ILLNESS,2025-12-26,2026-12-25,3854.10,ACTIVE,2025-12-26 16:05:38+00:00
P0000534,C000407,MEDICAL,2025-06-24,2026-06-23,4116.10,ACTIVE,2025-06-24 11:12:20+00:00
P0000535,C000407,MEDICAL,2025-08-19,2026-08-18,3928.90,ACTIVE,2025-08-19 10:59:58+00:00
P0000536,C000409,HOSPITALIZATION,2025-10-17,2026-10-16,1612.60,ACTIVE,2025-10-17 13:59:39+00:00
P0000537,C000409,HOSPITALIZATION,2025-09-14,2026-09-13,1459.30,ACTIVE,2025-09-14 14:04:57+00:00
P0000538,C000409,HOSPITALIZATION,2025-05-31,2026-05-30,1505.80,ACTIVE,2025-05-31 06:41:54+00:00
P0000539,C000410,MEDICAL,2025-09-25,2026-09-24,2805.70,ACTIVE,2025-09-25 03:10:49+00:00
P0000540,C000410,HOSPITALIZATION,2025-11-11,2026-11-10,1699.90,CANCELLED,2025-11-11 21:25:52+00:00
P0000541,C000411,MEDICAL,2024-09-25,2025-09-24,972.70,EXPIRED,2024-09-25 02:50:40+00:00
P0000542,C000411,MEDICAL,2025-03-08,2026-03-07,1011.80,ACTIVE,2025-03-08 20:34:51+00:00
P0000543,C000411,HOSPITALIZATION,2024-12-15,2025-12-14,600.40,EXPIRED,2024-12-15 19:36:02+00:00
P0000544,C000412,HOSPITALIZATION,2024-07-03,2025-07-02,1655.00,LAPSED,2024-07-03 10:10:52+00:00
P0000545,C000413,HOSPITALIZATION,2025-12-01,2026-11-30,2185.40,ACTIVE,2025-12-01 14:56:09+00:00
P0000546,C000413,MEDICAL,2025-12-15,2026-12-14,3653.10,ACTIVE,2025-12-15 03:03:23+00:00
P0000547,C000414,HOSPITALIZATION,2024-11-07,2025-11-06,1455.20,EXPIRED,2024-11-07 10:54:35+00:00
P0000548,C000414,PERSONAL_ACCIDENT,2024-12-03,2025-12-02,294.90,EXPIRED,2024-12-03 08:10:31+00:00
P0000549,C000415,HOSPITALIZATION,2025-03-27,2026-03-26,1099.80,CANCELLED,2025-03-27 06:10:40+00:00
P0000550,C000415,MEDICAL,2024-09-19,2025-09-18,1747.90,EXPIRED,2024-09-19 22:01:06+00:00
P0000551,C000416,HOSPITALIZATION,2025-11-12,2026-11-11,690.20,ACTIVE,2025-11-12 15:54:26+00:00
P0000552,C000417,HOSPITALIZATION,2024-11-23,2025-11-22,1482.40,EXPIRED,2024-11-23 18:53:01+00:00
P0000553,C000417,HOSPITALIZATION,2025-01-06,2026-01-05,1396.60,ACTIVE,2025-01-06 13:52:47+00:00
P0000554,C000418,MEDICAL,2025-12-29,2026-12-28,3723.50,ACTIVE,2025-12-29 08:09:12+00:00
P0000555,C000419,MEDICAL,2025-06-15,2026-06-14,2628.90,ACTIVE,2025-06-15 19:09:37+00:00
P0000556,C000420,PERSONAL_ACCIDENT,2024-04-26,2025-04-25,268.80,EXPIRED,2024-04-26 06:30:49+00:00
P0000557,C000420,MEDICAL,2025-04-11,2026-04-10,1751.80,ACTIVE,2025-04-11 01:57:17+00:00
P0000558,C000422,MEDICAL,2025-06-21,2026-06-20,3933.10,CANCELLED,2025-06-21 03:10:34+00:00
P0000559,C000423,MEDICAL,2025-10-13,2026-10-12,3128.50,ACTIVE,2025-10-13 02:31:45+00:00
P0000560,C000424,MEDICAL,2025-09-29,2026-09-28,1860.80,CANCELLED,2025-09-29 13:05:13+00:00
P0000561,C000424,PERSONAL_ACCIDENT,2025-12-20,2026-12-19,240.70,ACTIVE,2025-12-20 08:45:00+00:00
P0000562,C000425,CRITICAL_ILLNESS,2025-12-19,2026-12-18,1299.50,ACTIVE,2025-12-19 14:56:22+00:00
P0000563,C000426,MEDICAL,2025-02-25,2026-02-24,2458.50,CANCELLED,2025-02-25 09:48:43+00:00
P0000564,C000426,MEDICAL,2024-07-31,2025-07-30,2303.30,EXPIRED,2024-07-31 09:35:37+00:00
P0000565,C000426,HOSPITALIZATION,2024-04-14,2025-04-13,1395.00,EXPIRED,2024-04-14 21:14:46+00:00
P0000566,C000427,HOSPITALIZATION,2025-12-22,2026-12-21,1180.60,ACTIVE,2025-12-22 15:58:29+00:00
P0000567,C000428,HOSPITALIZATION,2025-09-06,2026-09-05,2124.80,ACTIVE,2025-09-06 17:00:57+00:00
P0000568,C000428,MEDICAL,2024-06-03,2025-06-02,3587.30,EXPIRED,2024-06-03 23:08:41+00:00
P0000569,C000429,HOSPITALIZATION,2025-10-28,2026-10-27,1524.00,ACTIVE,2025-10-28 08:28:49+00:00
P0000570,C000429,MEDICAL,2025-08-22,2026-08-21,2622.40,ACTIVE,2025-08-22 00:07:19+00:00
P0000571,C000429,HOSPITALIZATION,2025-10-29,2026-10-28,1544.10,ACTIVE,2025-10-29 23:48:06+00:00
P0000572,C000430,HOSPITALIZATION,2025-06-15,2026-06-14,1898.20,ACTIVE,2025-06-15 11:07:53+00:00
P0000573,C000430,HOSPITALIZATION,2025-10-08,2026-10-07,1794.10,ACTIVE,2025-10-08 10:33:52+00:00
P0000574,C000431,PERSONAL_ACCIDENT,2024-04-06,2025-04-05,240.90,EXPIRED,2024-04-06 03:45:46+00:00
P0000575,C000432,MEDICAL,2025-12-08,2026-12-07,1925.20,CANCELLED,2025-12-08 20:28:05+00:00
P0000576,C000433,MEDICAL,2025-10-29,2026-10-28,3324.00,ACTIVE,2025-10-29 00:20:48+00:00
P0000577,C000434,HOSPITALIZATION,2024-10-24,2025-10-23,2030.40,EXPIRED,2024-10-24 16:53:18+00:00
P0000578,C000436,PERSONAL_ACCIDENT,2025-11-23,2026-11-22,295.60,ACTIVE,2025-11-23 03:13:46+00:00
P0000579,C000437,MEDICAL,2025-11-04,2026-11-03,1250.00,ACTIVE,2025-11-04 03:25:30+00:00
P0000580,C000437,HOSPITALIZATION,2025-10-30,2026-10-29,711.80,ACTIVE,2025-10-30 05:36:47+00:00
P0000581,C000438,HOSPITALIZATION,2025-12-21,2026-12-20,836.80,ACTIVE,2025-12-21 21:57:01+00:00
P0000582,C000439,CRITICAL_ILLNESS,2025-07-14,2026-07-13,802.60,ACTIVE,2025-07-14 13:24:03+00:00
P0000583,C000440,MEDICAL,2025-09-02,2026-09-01,2276.80,ACTIVE,2025-09-02 17:07:45+00:00
P0000584,C000440,CRITICAL_ILLNESS,2025-10-07,2026-10-06,1992.90,ACTIVE,2025-10-07 08:22:21+00:00
P0000585,C000441,HOSPITALIZATION,2025-07-06,2026-07-05,2221.40,ACTIVE,2025-07-06 22:38:24+00:00
P0000586,C000441,MEDICAL,2025-10-12,2026-10-11,3792.80,ACTIVE,2025-10-12 14:10:13+00:00
P0000587,C000441,PERSONAL_ACCIDENT,2024-12-05,2025-12-04,303.50,EXPIRED,2024-12-05 02:05:28+00:00
P0000588,C000442,MEDICAL,2025-07-23,2026-07-22,1715.00,ACTIVE,2025-07-23 23:53:30+00:00
P0000589,C000443,MEDICAL,2025-02-05,2026-02-04,1182.00,ACTIVE,2025-02-05 18:38:37+00:00
P0000590,C000444,HOSPITALIZATION,2025-03-30,2026-03-29,2400.30,ACTIVE,2025-03-30 12:55:43+00:00
P0000591,C000445,PERSONAL_ACCIDENT,2025-08-30,2026-08-29,302.90,ACTIVE,2025-08-30 09:43:37+00:00
P0000592,C000445,CRITICAL_ILLNESS,2025-09-11,2026-09-10,3485.00,ACTIVE,2025-09-11 18:46:42+00:00
P0000593,C000446,HOSPITALIZATION,2025-12-13,2026-12-12,787.90,ACTIVE,2025-12-13 09:26:46+00:00
P0000594,C000446,PERSONAL_ACCIDENT,2025-11-09,2026-11-08,244.70,ACTIVE,2025-11-09 02:43:49+00:00
P0000595,C000447,MEDICAL,2025-12-27,2026-12-26,3906.00,LAPSED,2025-12-27 02:18:49+00:00
P0000596,C000448,MEDICAL,2025-12-09,2026-12-08,2086.10,CANCELLED,2025-12-09 16:08:56+00:00
P0000597,C000448,PERSONAL_ACCIDENT,2025-12-27,2026-12-26,265.90,LAPSED,2025-12-27 14:44:53+00:00
P0000598,C000449,MEDICAL,2025-09-17,2026-09-16,2368.60,ACTIVE,2025-09-17 18:03:18+00:00
P0000599,C000449,PERSONAL_ACCIDENT,2025-09-10,2026-09-09,261.00,ACTIVE,2025-09-10 19:50:00+00:00
P0000600,C000450,MEDICAL,2025-10-20,2026-10-19,1430.40,ACTIVE,2025-10-20 22:39:37+00:00
P0000601,C000451,MEDICAL,2024-03-26,2025-03-25,1783.70,EXPIRED,2024-03-26 16:29:27+00:00
P0000602,C000451,PERSONAL_ACCIDENT,2024-09-13,2025-09-12,283.10,EXPIRED,2024-09-13 16:01:49+00:00
P0000603,C000451,MEDICAL,2024-11-02,2025-11-01,2087.70,CANCELLED,2024-11-02 12:32:45+00:00
P0000604,C000452,MEDICAL,2025-11-30,2026-11-29,1651.30,ACTIVE,2025-11-30 13:55:15+00:00
P0000605,C000454,MEDICAL,2025-11-07,2026-11-06,2383.10,ACTIVE,2025-11-07 23:17:58+00:00
P0000606,C000454,HOSPITALIZATION,2025-03-30,2026-03-29,1254.50,ACTIVE,2025-03-30 23:39:32+00:00
P0000607,C000455,HOSPITALIZATION,2024-12-10,2025-12-09,2144.30,LAPSED,2024-12-10 20:12:16+00:00
P0000608,C000457,HOSPITALIZATION,2025-02-06,2026-02-05,931.90,ACTIVE,2025-02-06 20:14:27+00:00
P0000609,C000458,PERSONAL_ACCIDENT,2025-04-13,2026-04-12,233.60,ACTIVE,2025-04-13 20:20:45+00:00
P0000610,C000458,HOSPITALIZATION,2024-11-11,2025-11-10,525.00,EXPIRED,2024-11-11 00:51:05+00:00
P0000611,C000460,MEDICAL,2024-09-06,2025-09-05,2286.20,EXPIRED,2024-09-06 05:44:17+00:00
P0000612,C000460,MEDICAL,2024-10-03,2025-10-02,2159.70,EXPIRED,2024-10-03 21:08:37+00:00
P0000613,C000460,MEDICAL,2024-12-07,2025-12-06,2217.90,EXPIRED,2024-12-07 05:51:13+00:00
P0000614,C000461,MEDICAL,2025-10-18,2026-10-17,1279.70,ACTIVE,2025-10-18 08:07:59+00:00
P0000615,C000462,CRITICAL_ILLNESS,2024-03-10,2025-03-09,2082.00,LAPSED,2024-03-10 18:09:12+00:00
P0000616,C000463,HOSPITALIZATION,2025-08-08,2026-08-07,597.70,ACTIVE,2025-08-08 00:44:47+00:00
P0000617,C000464,HOSPITALIZATION,2025-06-19,2026-06-18,586.40,ACTIVE,2025-06-19 19:56:38+00:00
P0000618,C000465,CRITICAL_ILLNESS,2025-06-02,2026-06-01,1027.90,ACTIVE,2025-06-02 01:33:44+00:00
P0000619,C000465,MEDICAL,2025-05-02,2026-05-01,1279.00,ACTIVE,2025-05-02 19:11:05+00:00
P0000620,C000466,PERSONAL_ACCIDENT,2024-09-12,2025-09-11,287.50,EXPIRED,2024-09-12 10:56:14+00:00
P0000621,C000466,CRITICAL_ILLNESS,2025-07-03,2026-07-02,3341.40,ACTIVE,2025-07-03 16:27:13+00:00
P0000622,C000466,HOSPITALIZATION,2025-03-02,2026-03-01,1824.10,ACTIVE,2025-03-02 00:35:10+00:00
P0000623,C000467,CRITICAL_ILLNESS,2025-09-18,2026-09-17,1910.70,ACTIVE,2025-09-18 11:51:37+00:00
P0000624,C000467,HOSPITALIZATION,2025-10-04,2026-10-03,1182.50,ACTIVE,2025-10-04 05:59:34+00:00
P0000625,C000468,MEDICAL,2025-06-19,2026-06-18,1207.60,ACTIVE,2025-06-19 15:23:18+00:00
P0000626,C000469,MEDICAL,2025-06-19,2026-06-18,2941.80,ACTIVE,2025-06-19 01:49:22+00:00
P0000627,C000470,MEDICAL,2025-12-20,2026-12-19,2718.00,ACTIVE,2025-12-20 01:23:44+00:00
P0000628,C000471,MEDICAL,2025-12-25,2026-12-24,3519.70,ACTIVE,2025-12-25 07:05:19+00:00
P0000629,C000471,MEDICAL,2025-12-26,2026-12-25,3534.50,ACTIVE,2025-12-26 19:59:43+00:00
P0000630,C000472,PERSONAL_ACCIDENT,2025-09-10,2026-09-09,339.00,ACTIVE,2025-09-10 14:02:54+00:00
P0000631,C000472,HOSPITALIZATION,2025-12-08,2026-12-07,2342.20,ACTIVE,2025-12-08 19:19:44+00:00
P0000632,C000473,HOSPITALIZATION,2024-12-31,2025-12-30,1725.30,EXPIRED,2024-12-31 10:59:17+00:00
P0000633,C000473,CRITICAL_ILLNESS,2025-02-19,2026-02-18,2905.00,ACTIVE,2025-02-19 11:59:20+00:00
P0000634,C000475,CRITICAL_ILLNESS,2024-03-03,2025-03-02,3748.50,EXPIRED,2024-03-03 17:11:59+00:00
P0000635,C000475,MEDICAL,2024-08-31,2025-08-30,3593.40,EXPIRED,2024-08-31 09:21:45+00:00
P0000636,C000475,PERSONAL_ACCIDENT,2024-04-04,2025-04-03,326.00,EXPIRED,2024-04-04 20:46:26+00:00
P0000637,C000476,HOSPITALIZATION,2024-12-18,2025-12-17,1656.30,EXPIRED,2024-12-18 17:15:07+00:00
P0000638,C000477,PERSONAL_ACCIDENT,2025-12-11,2026-12-10,296.60,ACTIVE,2025-12-11 03:19:20+00:00
P0000639,C000477,PERSONAL_ACCIDENT,2025-12-15,2026-12-14,320.10,ACTIVE,2025-12-15 17:18:52+00:00
P0000640,C000478,HOSPITALIZATION,2025-11-25,2026-11-24,2138.00,LAPSED,2025-11-25 14:40:11+00:00
P0000641,C000480,MEDICAL,2025-11-04,2026-11-03,1582.60,ACTIVE,2025-11-04 15:34:26+00:00
P0000642,C000481,MEDICAL,2025-09-29,2026-09-28,2868.00,ACTIVE,2025-09-29 06:17:03+00:00
P0000643,C000482,CRITICAL_ILLNESS,2025-04-24,2026-04-23,1661.10,ACTIVE,2025-04-24 20:54:19+00:00
P0000644,C000482,CRITICAL_ILLNESS,2025-08-10,2026-08-09,1841.40,ACTIVE,2025-08-10 18:38:45+00:00
P0000645,C000483,MEDICAL,2025-12-11,2026-12-10,1018.80,ACTIVE,2025-12-11 23:13:45+00:00
P0000646,C000483,MEDICAL,2025-12-27,2026-12-26,1016.00,CANCELLED,2025-12-27 21:46:18+00:00
P0000647,C000486,HOSPITALIZATION,2025-12-19,2026-12-18,1413.50,ACTIVE,2025-12-19 00:55:11+00:00
P0000648,C000487,CRITICAL_ILLNESS,2025-07-02,2026-07-01,2839.60,ACTIVE,2025-07-02 17:36:46+00:00
P0000649,C000488,MEDICAL,2025-07-17,2026-07-16,4723.10,ACTIVE,2025-07-17 13:37:52+00:00
P0000650,C000489,HOSPITALIZATION,2025-11-03,2026-11-02,1265.70,ACTIVE,2025-11-03 16:28:15+00:00
P0000651,C000490,MEDICAL,2024-12-29,2025-12-28,2710.60,EXPIRED,2024-12-29 10:19:51+00:00
P0000652,C000491,MEDICAL,2024-11-24,2025-11-23,2098.20,EXPIRED,2024-11-24 12:22:54+00:00
P0000653,C000491,PERSONAL_ACCIDENT,2024-10-24,2025-10-23,277.80,EXPIRED,2024-10-24 15:58:59+00:00
P0000654,C000492,HOSPITALIZATION,2025-11-30,2026-11-29,1377.30,ACTIVE,2025-11-30 11:36:18+00:00
P0000655,C000492,MEDICAL,2025-09-14,2026-09-13,2334.90,ACTIVE,2025-09-14 13:49:47+00:00
P0000656,C000492,CRITICAL_ILLNESS,2025-09-30,2026-09-29,1992.00,ACTIVE,2025-09-30 21:39:44+00:00
P0000657,C000493,MEDICAL,2025-08-29,2026-08-28,4385.60,LAPSED,2025-08-29 11:43:56+00:00
P0000658,C000494,CRITICAL_ILLNESS,2025-07-09,2026-07-08,1234.50,ACTIVE,2025-07-09 21:30:11+00:00
P0000659,C000495,MEDICAL,2025-09-29,2026-09-28,2393.70,ACTIVE,2025-09-29 13:55:11+00:00
P0000660,C000496,MEDICAL,2025-10-03,2026-10-02,3415.80,ACTIVE,2025-10-03 20:34:28+00:00
P0000661,C000497,PERSONAL_ACCIDENT,2024-12-20,2025-12-19,298.50,EXPIRED,2024-12-20 08:37:57+00:00
P0000662,C000498,CRITICAL_ILLNESS,2025-08-13,2026-08-12,2063.90,ACTIVE,2025-08-13 16:36:34+00:00
P0000663,C000499,MEDICAL,2025-06-18,2026-06-17,4543.60,ACTIVE,2025-06-18 04:31:39+00:00
P0000664,C000500,MEDICAL,2025-09-21,2026-09-20,1833.50,ACTIVE,2025-09-21 11:26:09+00:00
P0000665,C000501,HOSPITALIZATION,2025-09-29,2026-09-28,1110.50,ACTIVE,2025-09-29 23:24:50+00:00
P0000666,C000502,PERSONAL_ACCIDENT,2024-05-31,2025-05-30,229.90,EXPIRED,2024-05-31 18:55:19+00:00
P0000667,C000503,HOSPITALIZATION,2024-03-15,2025-03-14,674.30,CANCELLED,2024-03-15 14:32:18+00:00
P0000668,C000504,PERSONAL_ACCIDENT,2025-07-22,2026-07-21,284.90,ACTIVE,2025-07-22 16:02:07+00:00
P0000669,C000504,PERSONAL_ACCIDENT,2025-07-13,2026-07-12,290.30,ACTIVE,2025-07-13 13:58:04+00:00
P0000670,C000504,PERSONAL_ACCIDENT,2025-12-13,2026-12-12,275.20,ACTIVE,2025-12-13 06:58:12+00:00
P0000671,C000505,MEDICAL,2025-12-28,2026-12-27,4803.90,ACTIVE,2025-12-28 11:49:40+00:00
P0000672,C000506,HOSPITALIZATION,2025-12-30,2026-12-29,622.60,ACTIVE,2025-12-30 11:21:50+00:00
P0000673,C000507,PERSONAL_ACCIDENT,2024-08-26,2025-08-25,247.60,EXPIRED,2024-08-26 00:09:47+00:00
P0000674,C000508,MEDICAL,2025-09-11,2026-09-10,930.20,ACTIVE,2025-09-11 14:41:19+00:00
P0000675,C000509,MEDICAL,2025-03-13,2026-03-12,1260.60,ACTIVE,2025-03-13 22:33:18+00:00
P0000676,C000510,HOSPITALIZATION,2025-11-04,2026-11-03,1178.10,ACTIVE,2025-11-04 10:07:53+00:00
P0000677,C000511,HOSPITALIZATION,2025-07-19,2026-07-18,1043.40,ACTIVE,2025-07-19 08:07:00+00:00
P0000678,C000511,MEDICAL,2025-10-25,2026-10-24,1681.40,ACTIVE,2025-10-25 03:54:55+00:00
P0000679,C000512,HOSPITALIZATION,2025-06-01,2026-05-31,1121.00,ACTIVE,2025-06-01 08:45:02+00:00
P0000680,C000513,CRITICAL_ILLNESS,2025-05-03,2026-05-02,1119.40,ACTIVE,2025-05-03 04:11:51+00:00
P0000681,C000513,HOSPITALIZATION,2025-11-22,2026-11-21,830.20,ACTIVE,2025-11-22 19:47:35+00:00
P0000682,C000514,HOSPITALIZATION,2024-05-31,2025-05-30,600.40,EXPIRED,2024-05-31 16:06:15+00:00
P0000683,C000514,HOSPITALIZATION,2024-04-14,2025-04-13,624.20,EXPIRED,2024-04-14 09:36:53+00:00
P0000684,C000514,CRITICAL_ILLNESS,2025-07-21,2026-07-20,868.50,ACTIVE,2025-07-21 14:53:12+00:00
P0000685,C000515,MEDICAL,2025-10-15,2026-10-14,2525.40,ACTIVE,2025-10-15 01:00:11+00:00
P0000686,C000515,MEDICAL,2025-11-20,2026-11-19,2548.80,ACTIVE,2025-11-20 16:49:40+00:00
P0000687,C000515,MEDICAL,2025-12-09,2026-12-08,2445.10,ACTIVE,2025-12-09 22:20:20+00:00
P0000688,C000516,MEDICAL,2025-10-29,2026-10-28,1554.40,ACTIVE,2025-10-29 19:35:21+00:00
P0000689,C000517,HOSPITALIZATION,2025-07-25,2026-07-24,741.70,ACTIVE,2025-07-25 09:01:57+00:00
P0000690,C000518,PERSONAL_ACCIDENT,2024-11-25,2025-11-24,240.10,EXPIRED,2024-11-25 15:57:03+00:00
P0000691,C000519,PERSONAL_ACCIDENT,2025-03-10,2026-03-09,225.20,ACTIVE,2025-03-10 05:18:12+00:00
P0000692,C000519,HOSPITALIZATION,2025-06-03,2026-06-02,592.90,ACTIVE,2025-06-03 02:22:16+00:00
P0000693,C000521,HOSPITALIZATION,2025-05-25,2026-05-24,1485.70,LAPSED,2025-05-25 00:18:44+00:00
P0000694,C000521,HOSPITALIZATION,2025-07-21,2026-07-20,1423.30,ACTIVE,2025-07-21 20:24:33+00:00
P0000695,C000521,HOSPITALIZATION,2025-11-17,2026-11-16,1478.80,ACTIVE,2025-11-17 10:47:48+00:00
P0000696,C000522,HOSPITALIZATION,2025-01-31,2026-01-30,856.70,ACTIVE,2025-01-31 03:14:59+00:00
P0000697,C000522,PERSONAL_ACCIDENT,2025-10-17,2026-10-16,254.10,ACTIVE,2025-10-17 15:34:32+00:00
P0000698,C000523,MEDICAL,2025-12-01,2026-11-30,2016.10,ACTIVE,2025-12-01 02:08:00+00:00
P0000699,C000524,HOSPITALIZATION,2025-12-02,2026-12-01,2547.70,ACTIVE,2025-12-02 12:28:47+00:00
P0000700,C000525,HOSPITALIZATION,2025-10-02,2026-10-01,2061.90,ACTIVE,2025-10-02 18:26:06+00:00
P0000701,C000525,PERSONAL_ACCIDENT,2025-11-03,2026-11-02,311.80,LAPSED,2025-11-03 22:54:42+00:00
P0000702,C000526,PERSONAL_ACCIDENT,2024-10-19,2025-10-18,275.90,EXPIRED,2024-10-19 05:30:12+00:00
P0000703,C000526,CRITICAL_ILLNESS,2024-11-12,2025-11-11,2679.20,EXPIRED,2024-11-12 07:16:00+00:00
P0000704,C000528,MEDICAL,2025-04-23,2026-04-22,2017.30,ACTIVE,2025-04-23 22:22:21+00:00
P0000705,C000530,HOSPITALIZATION,2025-09-27,2026-09-26,2209.80,ACTIVE,2025-09-27 00:24:39+00:00
P0000706,C000531,CRITICAL_ILLNESS,2024-05-03,2025-05-02,872.20,EXPIRED,2024-05-03 21:47:13+00:00
P0000707,C000532,MEDICAL,2025-09-25,2026-09-24,1171.70,ACTIVE,2025-09-25 15:03:50+00:00
P0000708,C000532,CRITICAL_ILLNESS,2025-11-16,2026-11-15,893.80,ACTIVE,2025-11-16 09:47:47+00:00
P0000709,C000534,MEDICAL,2024-12-26,2025-12-25,980.20,LAPSED,2024-12-26 13:04:45+00:00
P0000710,C000535,MEDICAL,2025-03-18,2026-03-17,3255.20,ACTIVE,2025-03-18 00:54:10+00:00
P0000711,C000535,HOSPITALIZATION,2025-11-28,2026-11-27,1670.30,ACTIVE,2025-11-28 12:02:16+00:00
P0000712,C000536,MEDICAL,2025-07-04,2026-07-03,4180.20,ACTIVE,2025-07-04 13:30:15+00:00
P0000713,C000536,MEDICAL,2025-08-08,2026-08-07,4701.50,ACTIVE,2025-08-08 01:37:58+00:00
P0000714,C000537,MEDICAL,2025-02-21,2026-02-20,4683.40,ACTIVE,2025-02-21 16:17:45+00:00
P0000715,C000537,MEDICAL,2025-06-19,2026-06-18,4679.20,LAPSED,2025-06-19 05:56:37+00:00
P0000716,C000538,MEDICAL,2025-06-13,2026-06-12,1316.90,ACTIVE,2025-06-13 11:49:07+00:00
P0000717,C000538,MEDICAL,2025-10-07,2026-10-06,1232.60,ACTIVE,2025-10-07 04:48:29+00:00
P0000718,C000538,MEDICAL,2025-10-26,2026-10-25,1366.30,ACTIVE,2025-10-26 18:19:04+00:00
P0000719,C000539,CRITICAL_ILLNESS,2025-11-21,2026-11-20,1740.10,ACTIVE,2025-11-21 06:15:00+00:00
P0000720,C000540,PERSONAL_ACCIDENT,2024-07-18,2025-07-17,271.80,EXPIRED,2024-07-18 17:07:06+00:00
P0000721,C000540,MEDICAL,2025-07-23,2026-07-22,3278.40,ACTIVE,2025-07-23 10:31:44+00:00
P0000722,C000541,HOSPITALIZATION,2025-04-03,2026-04-02,930.00,ACTIVE,2025-04-03 21:21:18+00:00
P0000723,C000543,MEDICAL,2024-08-13,2025-08-12,1233.50,EXPIRED,2024-08-13 13:47:49+00:00
P0000724,C000543,MEDICAL,2024-09-12,2025-09-11,1125.60,EXPIRED,2024-09-12 02:50:08+00:00
P0000725,C000544,CRITICAL_ILLNESS,2025-12-22,2026-12-21,3223.60,ACTIVE,2025-12-22 15:20:56+00:00
P0000726,C000545,CRITICAL_ILLNESS,2025-06-12,2026-06-11,3150.10,ACTIVE,2025-06-12 04:30:36+00:00
P0000727,C000545,MEDICAL,2025-05-01,2026-04-30,3288.80,ACTIVE,2025-05-01 03:20:30+00:00
P0000728,C000546,MEDICAL,2025-07-28,2026-07-27,2321.80,ACTIVE,2025-07-28 11:07:34+00:00
P0000729,C000546,MEDICAL,2025-09-18,2026-09-17,2332.50,ACTIVE,2025-09-18 23:18:36+00:00
P0000730,C000546,HOSPITALIZATION,2025-05-16,2026-05-15,1355.70,ACTIVE,2025-05-16 09:39:06+00:00
P0000731,C000547,CRITICAL_ILLNESS,2025-07-31,2026-07-30,1377.60,ACTIVE,2025-07-31 23:39:07+00:00
P0000732,C000548,MEDICAL,2025-04-24,2026-04-23,964.20,ACTIVE,2025-04-24 13:16:55+00:00
P0000733,C000548,HOSPITALIZATION,2025-04-01,2026-03-31,597.90,ACTIVE,2025-04-01 15:02:04+00:00
P0000734,C000549,HOSPITALIZATION,2025-05-27,2026-05-26,766.90,ACTIVE,2025-05-27 12:56:56+00:00
P0000735,C000549,MEDICAL,2025-08-25,2026-08-24,1135.90,ACTIVE,2025-08-25 10:45:32+00:00
P0000736,C000550,HOSPITALIZATION,2025-07-07,2026-07-06,1366.70,ACTIVE,2025-07-07 02:24:10+00:00
P0000737,C000551,MEDICAL,2025-11-09,2026-11-08,3304.20,ACTIVE,2025-11-09 23:11:32+00:00
P0000738,C000551,MEDICAL,2025-10-20,2026-10-19,3174.70,ACTIVE,2025-10-20 10:09:54+00:00
P0000739,C000551,PERSONAL_ACCIDENT,2025-12-06,2026-12-05,293.70,ACTIVE,2025-12-06 20:16:59+00:00
P0000740,C000552,HOSPITALIZATION,2025-05-13,2026-05-12,631.90,ACTIVE,2025-05-13 17:41:46+00:00
P0000741,C000553,MEDICAL,2025-12-26,2026-12-25,1330.30,ACTIVE,2025-12-26 06:00:25+00:00
P0000742,C000554,HOSPITALIZATION,2025-12-04,2026-12-03,2450.10,ACTIVE,2025-12-04 15:53:49+00:00
P0000743,C000554,PERSONAL_ACCIDENT,2025-12-02,2026-12-01,291.30,ACTIVE,2025-12-02 14:44:10+00:00
P0000744,C000555,MEDICAL,2025-12-23,2026-12-22,1925.30,ACTIVE,2025-12-23 10:39:40+00:00
P0000745,C000556,MEDICAL,2024-11-25,2025-11-24,1461.90,EXPIRED,2024-11-25 19:06:19+00:00
P0000746,C000556,HOSPITALIZATION,2025-04-30,2026-04-29,876.90,ACTIVE,2025-04-30 22:21:58+00:00
P0000747,C000557,HOSPITALIZATION,2025-10-26,2026-10-25,1942.80,ACTIVE,2025-10-26 18:32:08+00:00
P0000748,C000558,PERSONAL_ACCIDENT,2025-10-29,2026-10-28,234.80,ACTIVE,2025-10-29 21:03:36+00:00
P0000749,C000558,PERSONAL_ACCIDENT,2025-04-20,2026-04-19,214.60,ACTIVE,2025-04-20 12:47:14+00:00
P0000750,C000559,PERSONAL_ACCIDENT,2024-06-27,2025-06-26,313.40,EXPIRED,2024-06-27 17:08:09+00:00
P0000751,C000559,HOSPITALIZATION,2024-09-02,2025-09-01,2203.20,EXPIRED,2024-09-02 07:11:40+00:00
P0000752,C000560,MEDICAL,2025-01-06,2026-01-05,1039.60,ACTIVE,2025-01-06 19:13:05+00:00
P0000753,C000560,HOSPITALIZATION,2025-12-03,2026-12-02,679.70,ACTIVE,2025-12-03 00:52:58+00:00
P0000754,C000560,HOSPITALIZATION,2025-02-04,2026-02-03,568.20,ACTIVE,2025-02-04 00:13:46+00:00
P0000755,C000561,CRITICAL_ILLNESS,2025-03-02,2026-03-01,1737.30,ACTIVE,2025-03-02 04:47:56+00:00
P0000756,C000561,CRITICAL_ILLNESS,2025-01-19,2026-01-18,1576.30,ACTIVE,2025-01-19 16:32:44+00:00
P0000757,C000562,HOSPITALIZATION,2025-12-12,2026-12-11,561.00,ACTIVE,2025-12-12 00:08:14+00:00
P0000758,C000562,MEDICAL,2025-12-02,2026-12-01,1042.30,ACTIVE,2025-12-02 23:51:47+00:00
P0000759,C000563,CRITICAL_ILLNESS,2024-06-14,2025-06-13,3913.10,EXPIRED,2024-06-14 17:37:55+00:00
P0000760,C000564,HOSPITALIZATION,2025-05-23,2026-05-22,1273.80,ACTIVE,2025-05-23 05:20:12+00:00
P0000761,C000564,HOSPITALIZATION,2025-10-29,2026-10-28,1448.20,ACTIVE,2025-10-29 23:48:00+00:00
P0000762,C000564,MEDICAL,2024-10-02,2025-10-01,2243.30,CANCELLED,2024-10-02 16:46:19+00:00
P0000763,C000565,HOSPITALIZATION,2025-08-11,2026-08-10,758.80,LAPSED,2025-08-11 04:55:06+00:00
P0000764,C000565,HOSPITALIZATION,2025-09-10,2026-09-09,656.40,ACTIVE,2025-09-10 17:06:47+00:00
P0000765,C000567,HOSPITALIZATION,2025-12-08,2026-12-07,1112.20,ACTIVE,2025-12-08 02:32:12+00:00
P0000766,C000567,MEDICAL,2025-07-17,2026-07-16,1731.50,ACTIVE,2025-07-17 09:04:38+00:00
P0000767,C000568,HOSPITALIZATION,2025-05-29,2026-05-28,941.20,ACTIVE,2025-05-29 14:33:36+00:00
P0000768,C000568,CRITICAL_ILLNESS,2025-10-29,2026-10-28,1377.60,ACTIVE,2025-10-29 00:09:13+00:00
P0000769,C000568,PERSONAL_ACCIDENT,2025-07-23,2026-07-22,267.00,ACTIVE,2025-07-23 22:02:34+00:00
P0000770,C000569,HOSPITALIZATION,2025-05-27,2026-05-26,1590.00,ACTIVE,2025-05-27 12:03:07+00:00
P0000771,C000570,HOSPITALIZATION,2025-11-23,2026-11-22,572.90,ACTIVE,2025-11-23 10:50:42+00:00
P0000772,C000571,PERSONAL_ACCIDENT,2024-09-08,2025-09-07,234.30,EXPIRED,2024-09-08 05:58:46+00:00
P0000773,C000572,MEDICAL,2025-02-22,2026-02-21,2175.00,ACTIVE,2025-02-22 08:36:17+00:00
P0000774,C000572,HOSPITALIZATION,2025-10-27,2026-10-26,1273.90,ACTIVE,2025-10-27 07:47:07+00:00
P0000775,C000573,MEDICAL,2025-12-21,2026-12-20,980.00,CANCELLED,2025-12-21 03:03:23+00:00
P0000776,C000573,CRITICAL_ILLNESS,2025-12-14,2026-12-13,771.80,ACTIVE,2025-12-14 20:06:56+00:00
P0000777,C000574,PERSONAL_ACCIDENT,2025-06-04,2026-06-03,263.00,ACTIVE,2025-06-04 00:32:33+00:00
P0000778,C000574,CRITICAL_ILLNESS,2025-10-12,2026-10-11,1405.50,ACTIVE,2025-10-12 14:45:57+00:00
P0000779,C000575,MEDICAL,2025-11-26,2026-11-25,4575.30,ACTIVE,2025-11-26 12:49:09+00:00
P0000780,C000575,HOSPITALIZATION,2025-02-28,2026-02-27,2245.10,ACTIVE,2025-02-28 22:21:51+00:00
P0000781,C000577,HOSPITALIZATION,2025-09-11,2026-09-10,2392.20,ACTIVE,2025-09-11 03:47:06+00:00
P0000782,C000577,HOSPITALIZATION,2025-06-22,2026-06-21,2483.70,ACTIVE,2025-06-22 01:44:14+00:00
P0000783,C000578,CRITICAL_ILLNESS,2025-01-12,2026-01-11,849.40,CANCELLED,2025-01-12 09:01:46+00:00
P0000784,C000579,MEDICAL,2025-08-21,2026-08-20,1196.20,ACTIVE,2025-08-21 21:30:49+00:00
P0000785,C000580,CRITICAL_ILLNESS,2025-10-24,2026-10-23,1486.00,ACTIVE,2025-10-24 22:54:22+00:00
P0000786,C000580,HOSPITALIZATION,2025-09-04,2026-09-03,916.70,ACTIVE,2025-09-04 06:34:20+00:00
P0000787,C000581,HOSPITALIZATION,2025-12-29,2026-12-28,1535.60,ACTIVE,2025-12-29 19:00:44+00:00
P0000788,C000581,MEDICAL,2025-12-31,2026-12-30,2738.70,ACTIVE,2025-12-31 07:13:11+00:00
P0000789,C000582,MEDICAL,2024-04-28,2025-04-27,2411.30,EXPIRED,2024-04-28 03:03:50+00:00
P0000790,C000582,MEDICAL,2025-10-07,2026-10-06,2451.00,CANCELLED,2025-10-07 08:51:22+00:00
P0000791,C000583,MEDICAL,2025-03-06,2026-03-05,1045.30,ACTIVE,2025-03-06 00:24:20+00:00
P0000792,C000583,HOSPITALIZATION,2025-09-12,2026-09-11,605.80,ACTIVE,2025-09-12 07:44:18+00:00
P0000793,C000583,MEDICAL,2025-10-09,2026-10-08,982.50,ACTIVE,2025-10-09 02:34:35+00:00
P0000794,C000584,MEDICAL,2025-12-10,2026-12-09,2003.20,ACTIVE,2025-12-10 15:10:48+00:00
P0000795,C000584,HOSPITALIZATION,2025-09-07,2026-09-06,1104.30,ACTIVE,2025-09-07 08:36:44+00:00
P0000796,C000585,MEDICAL,2025-12-11,2026-12-10,2635.50,ACTIVE,2025-12-11 01:52:29+00:00
P0000797,C000586,MEDICAL,2025-09-19,2026-09-18,2323.10,ACTIVE,2025-09-19 06:31:29+00:00
P0000798,C000586,CRITICAL_ILLNESS,2025-12-29,2026-12-28,2175.20,ACTIVE,2025-12-29 11:03:44+00:00
P0000799,C000587,MEDICAL,2025-09-02,2026-09-01,1356.30,ACTIVE,2025-09-02 18:38:17+00:00
P0000800,C000588,HOSPITALIZATION,2025-09-17,2026-09-16,1322.80,ACTIVE,2025-09-17 18:02:01+00:00
P0000801,C000588,MEDICAL,2025-01-01,2025-12-31,2355.50,EXPIRED,2025-01-01 00:30:19+00:00
P0000802,C000588,CRITICAL_ILLNESS,2024-11-29,2025-11-28,1963.50,EXPIRED,2024-11-29 04:02:07+00:00
P0000803,C000589,CRITICAL_ILLNESS,2025-07-30,2026-07-29,2692.80,ACTIVE,2025-07-30 08:08:45+00:00
P0000804,C000590,HOSPITALIZATION,2025-06-04,2026-06-03,636.40,ACTIVE,2025-06-04 11:13:15+00:00
P0000805,C000591,CRITICAL_ILLNESS,2025-12-27,2026-12-26,3057.10,ACTIVE,2025-12-27 00:08:45+00:00
P0000806,C000592,HOSPITALIZATION,2025-01-10,2026-01-09,1618.80,ACTIVE,2025-01-10 11:00:50+00:00
P0000807,C000592,HOSPITALIZATION,2025-05-30,2026-05-29,1516.50,ACTIVE,2025-05-30 21:29:38+00:00
P0000808,C000592,HOSPITALIZATION,2024-08-12,2025-08-11,1543.30,EXPIRED,2024-08-12 14:58:58+00:00
P0000809,C000593,CRITICAL_ILLNESS,2025-03-07,2026-03-06,722.70,ACTIVE,2025-03-07 21:21:53+00:00
P0000810,C000593,CRITICAL_ILLNESS,2025-03-11,2026-03-10,749.50,ACTIVE,2025-03-11 20:08:29+00:00
P0000811,C000594,HOSPITALIZATION,2025-09-01,2026-08-31,682.30,ACTIVE,2025-09-01 17:06:55+00:00
P0000812,C000594,CRITICAL_ILLNESS,2025-07-04,2026-07-03,860.10,ACTIVE,2025-07-04 13:37:26+00:00
P0000813,C000595,PERSONAL_ACCIDENT,2025-10-15,2026-10-14,282.20,ACTIVE,2025-10-15 13:43:35+00:00
P0000814,C000595,HOSPITALIZATION,2025-07-08,2026-07-07,1715.20,ACTIVE,2025-07-08 09:15:10+00:00
P0000815,C000595,PERSONAL_ACCIDENT,2025-11-30,2026-11-29,283.00,ACTIVE,2025-11-30 14:45:27+00:00
P0000816,C000596,HOSPITALIZATION,2024-12-06,2025-12-05,1301.00,EXPIRED,2024-12-06 14:07:29+00:00
P0000817,C000596,HOSPITALIZATION,2024-07-19,2025-07-18,1128.40,EXPIRED,2024-07-19 04:40:58+00:00
P0000818,C000596,HOSPITALIZATION,2025-08-14,2026-08-13,1273.20,ACTIVE,2025-08-14 17:13:28+00:00
P0000819,C000597,HOSPITALIZATION,2024-08-24,2025-08-23,2259.20,EXPIRED,2024-08-24 14:28:31+00:00
P0000820,C000598,CRITICAL_ILLNESS,2025-11-22,2026-11-21,2963.90,ACTIVE,2025-11-22 02:07:51+00:00
P0000821,C000598,HOSPITALIZATION,2025-12-24,2026-12-23,1704.70,ACTIVE,2025-12-24 07:22:59+00:00
P0000822,C000598,HOSPITALIZATION,2025-12-08,2026-12-07,1668.20,ACTIVE,2025-12-08 19:58:35+00:00
P0000823,C000600,HOSPITALIZATION,2025-12-26,2026-12-25,1576.50,ACTIVE,2025-12-26 16:35:13+00:00
P0000824,C000601,CRITICAL_ILLNESS,2025-02-05,2026-02-04,711.60,ACTIVE,2025-02-05 09:07:22+00:00
P0000825,C000602,HOSPITALIZATION,2025-06-25,2026-06-24,1787.70,ACTIVE,2025-06-25 23:52:26+00:00
P0000826,C000602,HOSPITALIZATION,2025-07-22,2026-07-21,1744.20,ACTIVE,2025-07-22 09:05:04+00:00
P0000827,C000603,MEDICAL,2025-03-26,2026-03-25,3940.90,ACTIVE,2025-03-26 00:14:10+00:00
P0000828,C000604,MEDICAL,2025-08-28,2026-08-27,1498.10,ACTIVE,2025-08-28 11:55:25+00:00
P0000829,C000604,MEDICAL,2025-12-28,2026-12-27,1445.30,CANCELLED,2025-12-28 21:52:48+00:00
P0000830,C000605,CRITICAL_ILLNESS,2025-12-27,2026-12-26,1615.50,ACTIVE,2025-12-27 06:32:30+00:00
P0000831,C000605,MEDICAL,2025-12-30,2026-12-29,1854.60,ACTIVE,2025-12-30 10:25:27+00:00
P0000832,C000606,HOSPITALIZATION,2025-04-19,2026-04-18,1420.00,ACTIVE,2025-04-19 14:05:35+00:00
P0000833,C000610,MEDICAL,2025-10-20,2026-10-19,1993.60,ACTIVE,2025-10-20 04:26:46+00:00
P0000834,C000611,MEDICAL,2025-03-10,2026-03-09,3010.60,ACTIVE,2025-03-10 12:11:45+00:00
P0000835,C000612,HOSPITALIZATION,2025-02-17,2026-02-16,1128.40,ACTIVE,2025-02-17 08:20:55+00:00
P0000836,C000613,PERSONAL_ACCIDENT,2024-11-19,2025-11-18,331.50,EXPIRED,2024-11-19 18:18:44+00:00
P0000837,C000614,MEDICAL,2025-01-16,2026-01-15,1352.50,ACTIVE,2025-01-16 09:15:24+00:00
P0000838,C000614,CRITICAL_ILLNESS,2024-05-24,2025-05-23,929.50,EXPIRED,2024-05-24 13:48:34+00:00
P0000839,C000615,CRITICAL_ILLNESS,2025-08-08,2026-08-07,1218.10,ACTIVE,2025-08-08 01:06:03+00:00
P0000840,C000615,HOSPITALIZATION,2025-10-25,2026-10-24,781.00,ACTIVE,2025-10-25 08:14:01+00:00
P0000841,C000616,CRITICAL_ILLNESS,2025-10-16,2026-10-15,3121.90,ACTIVE,2025-10-16 06:26:39+00:00
P0000842,C000617,MEDICAL,2025-04-02,2026-04-01,3950.60,ACTIVE,2025-04-02 10:03:18+00:00
P0000843,C000617,HOSPITALIZATION,2024-11-24,2025-11-23,2321.30,EXPIRED,2024-11-24 06:58:21+00:00
P0000844,C000618,PERSONAL_ACCIDENT,2025-08-05,2026-08-04,316.80,ACTIVE,2025-08-05 02:22:40+00:00
P0000845,C000618,MEDICAL,2025-03-22,2026-03-21,3431.50,ACTIVE,2025-03-22 09:20:27+00:00
P0000846,C000619,HOSPITALIZATION,2025-10-23,2026-10-22,2142.20,ACTIVE,2025-10-23 13:40:50+00:00
P0000847,C000620,PERSONAL_ACCIDENT,2025-10-02,2026-10-01,233.70,ACTIVE,2025-10-02 22:27:52+00:00
P0000848,C000621,MEDICAL,2025-11-28,2026-11-27,1259.60,CANCELLED,2025-11-28 14:16:57+00:00
P0000849,C000621,MEDICAL,2025-01-11,2026-01-10,1270.90,ACTIVE,2025-01-11 09:22:41+00:00
P0000850,C000621,MEDICAL,2025-12-07,2026-12-06,1099.70,ACTIVE,2025-12-07 09:08:10+00:00
P0000851,C000622,PERSONAL_ACCIDENT,2024-11-12,2025-11-11,246.60,EXPIRED,2024-11-12 11:14:11+00:00
P0000852,C000623,PERSONAL_ACCIDENT,2025-09-06,2026-09-05,315.20,LAPSED,2025-09-06 19:19:54+00:00
P0000853,C000624,PERSONAL_ACCIDENT,2025-12-07,2026-12-06,258.60,LAPSED,2025-12-07 01:39:52+00:00
P0000854,C000624,MEDICAL,2025-11-22,2026-11-21,1661.30,ACTIVE,2025-11-22 15:06:51+00:00
P0000855,C000624,MEDICAL,2025-11-29,2026-11-28,1614.50,ACTIVE,2025-11-29 06:28:24+00:00
P0000856,C000625,HOSPITALIZATION,2025-04-20,2026-04-19,2425.40,ACTIVE,2025-04-20 20:09:15+00:00
P0000857,C000626,CRITICAL_ILLNESS,2025-03-18,2026-03-17,3134.50,ACTIVE,2025-03-18 20:21:45+00:00
P0000858,C000626,HOSPITALIZATION,2025-04-19,2026-04-18,1945.40,ACTIVE,2025-04-19 23:06:38+00:00
P0000859,C000627,PERSONAL_ACCIDENT,2025-06-23,2026-06-22,303.70,ACTIVE,2025-06-23 11:24:21+00:00
P0000860,C000627,HOSPITALIZATION,2025-09-19,2026-09-18,1717.00,ACTIVE,2025-09-19 11:33:28+00:00
P0000861,C000627,MEDICAL,2025-06-21,2026-06-20,3198.00,ACTIVE,2025-06-21 04:15:54+00:00
P0000862,C000628,HOSPITALIZATION,2025-02-24,2026-02-23,2514.40,ACTIVE,2025-02-24 21:26:27+00:00
P0000863,C000628,MEDICAL,2025-12-20,2026-12-19,4424.30,ACTIVE,2025-12-20 04:29:58+00:00
P0000864,C000629,PERSONAL_ACCIDENT,2025-05-16,2026-05-15,217.90,CANCELLED,2025-05-16 15:35:42+00:00
P0000865,C000630,MEDICAL,2025-11-12,2026-11-11,1630.50,ACTIVE,2025-11-12 16:52:18+00:00
P0000866,C000631,MEDICAL,2025-04-22,2026-04-21,1677.60,ACTIVE,2025-04-22 15:39:06+00:00
P0000867,C000632,CRITICAL_ILLNESS,2025-03-10,2026-03-09,2567.00,ACTIVE,2025-03-10 02:58:22+00:00
P0000868,C000633,PERSONAL_ACCIDENT,2025-08-26,2026-08-25,301.20,ACTIVE,2025-08-26 01:59:50+00:00
P0000869,C000633,MEDICAL,2025-10-27,2026-10-26,3765.50,ACTIVE,2025-10-27 04:53:18+00:00
P0000870,C000634,HOSPITALIZATION,2025-12-06,2026-12-05,923.30,ACTIVE,2025-12-06 02:45:42+00:00
P0000871,C000635,MEDICAL,2025-02-19,2026-02-18,3787.30,ACTIVE,2025-02-19 11:25:06+00:00
P0000872,C000635,MEDICAL,2025-06-29,2026-06-28,3836.60,ACTIVE,2025-06-29 12:55:17+00:00
P0000873,C000636,CRITICAL_ILLNESS,2025-10-09,2026-10-08,1760.70,ACTIVE,2025-10-09 09:06:31+00:00
P0000874,C000637,MEDICAL,2025-09-18,2026-09-17,1465.60,ACTIVE,2025-09-18 08:53:28+00:00
P0000875,C000637,MEDICAL,2025-01-19,2026-01-18,1265.10,ACTIVE,2025-01-19 07:14:17+00:00
P0000876,C000638,MEDICAL,2025-06-13,2026-06-12,1087.00,ACTIVE,2025-06-13 03:09:10+00:00
P0000877,C000638,MEDICAL,2025-09-08,2026-09-07,1160.80,ACTIVE,2025-09-08 01:31:03+00:00
P0000878,C000639,PERSONAL_ACCIDENT,2025-05-28,2026-05-27,236.60,ACTIVE,2025-05-28 07:37:44+00:00
P0000879,C000639,PERSONAL_ACCIDENT,2025-08-01,2026-07-31,224.80,ACTIVE,2025-08-01 22:45:31+00:00
P0000880,C000640,MEDICAL,2025-12-22,2026-12-21,2132.20,ACTIVE,2025-12-22 21:12:36+00:00
P0000881,C000640,MEDICAL,2025-12-05,2026-12-04,2365.80,ACTIVE,2025-12-05 18:17:16+00:00
P0000882,C000641,HOSPITALIZATION,2025-10-14,2026-10-13,952.30,ACTIVE,2025-10-14 07:50:58+00:00
P0000883,C000641,MEDICAL,2025-12-25,2026-12-24,1568.40,ACTIVE,2025-12-25 19:55:39+00:00
P0000884,C000641,MEDICAL,2025-10-08,2026-10-07,1762.00,LAPSED,2025-10-08 05:01:19+00:00
P0000885,C000642,HOSPITALIZATION,2025-11-02,2026-11-01,1101.90,CANCELLED,2025-11-02 17:09:00+00:00
P0000886,C000643,HOSPITALIZATION,2025-09-25,2026-09-24,706.90,ACTIVE,2025-09-25 22:46:49+00:00
P0000887,C000644,HOSPITALIZATION,2025-10-29,2026-10-28,2508.60,ACTIVE,2025-10-29 14:43:31+00:00
P0000888,C000644,MEDICAL,2025-11-20,2026-11-19,4056.10,ACTIVE,2025-11-20 22:44:15+00:00
P0000889,C000645,HOSPITALIZATION,2025-12-22,2026-12-21,702.90,ACTIVE,2025-12-22 09:59:25+00:00
P0000890,C000645,MEDICAL,2025-12-24,2026-12-23,1289.70,ACTIVE,2025-12-24 15:34:54+00:00
P0000891,C000645,HOSPITALIZATION,2025-12-02,2026-12-01,749.10,ACTIVE,2025-12-02 22:44:03+00:00
P0000892,C000646,MEDICAL,2025-03-09,2026-03-08,3245.80,ACTIVE,2025-03-09 02:08:52+00:00
P0000893,C000648,MEDICAL,2025-05-15,2026-05-14,3077.20,ACTIVE,2025-05-15 23:27:46+00:00
P0000894,C000648,MEDICAL,2025-08-12,2026-08-11,3006.70,ACTIVE,2025-08-12 15:21:39+00:00
P0000895,C000649,HOSPITALIZATION,2025-10-16,2026-10-15,2136.30,ACTIVE,2025-10-16 01:25:28+00:00
P0000896,C000649,PERSONAL_ACCIDENT,2025-11-26,2026-11-25,304.30,ACTIVE,2025-11-26 23:04:16+00:00
P0000897,C000649,PERSONAL_ACCIDENT,2025-09-26,2026-09-25,332.50,ACTIVE,2025-09-26 11:53:03+00:00
P0000898,C000650,MEDICAL,2025-06-16,2026-06-15,1244.90,ACTIVE,2025-06-16 09:35:32+00:00
P0000899,C000651,PERSONAL_ACCIDENT,2025-12-20,2026-12-19,281.90,ACTIVE,2025-12-20 00:31:39+00:00
P0000900,C000652,CRITICAL_ILLNESS,2025-01-28,2026-01-27,820.90,ACTIVE,2025-01-28 11:04:54+00:00
P0000901,C000653,CRITICAL_ILLNESS,2024-05-19,2025-05-18,2290.00,EXPIRED,2024-05-19 23:17:49+00:00
P0000902,C000654,MEDICAL,2025-09-25,2026-09-24,1365.80,ACTIVE,2025-09-25 22:38:42+00:00
P0000903,C000655,HOSPITALIZATION,2025-11-25,2026-11-24,635.90,ACTIVE,2025-11-25 22:56:44+00:00
P0000904,C000656,HOSPITALIZATION,2025-10-29,2026-10-28,631.30,ACTIVE,2025-10-29 23:29:15+00:00
P0000905,C000657,HOSPITALIZATION,2025-09-13,2026-09-12,707.00,ACTIVE,2025-09-13 22:40:00+00:00
P0000906,C000658,MEDICAL,2025-10-24,2026-10-23,1086.40,ACTIVE,2025-10-24 13:13:16+00:00
P0000907,C000658,MEDICAL,2025-10-24,2026-10-23,1138.60,ACTIVE,2025-10-24 14:51:04+00:00
P0000908,C000659,MEDICAL,2025-01-26,2026-01-25,1002.60,ACTIVE,2025-01-26 20:13:31+00:00
P0000909,C000660,MEDICAL,2024-07-26,2025-07-25,2267.70,EXPIRED,2024-07-26 05:07:37+00:00
P0000910,C000661,HOSPITALIZATION,2025-04-13,2026-04-12,1968.00,ACTIVE,2025-04-13 05:12:44+00:00
P0000911,C000662,PERSONAL_ACCIDENT,2025-02-20,2026-02-19,314.60,ACTIVE,2025-02-20 05:34:16+00:00
P0000912,C000662,MEDICAL,2025-01-26,2026-01-25,3777.70,ACTIVE,2025-01-26 17:42:29+00:00
P0000913,C000664,MEDICAL,2025-12-26,2026-12-25,2389.10,ACTIVE,2025-12-26 07:46:01+00:00
P0000914,C000667,PERSONAL_ACCIDENT,2025-09-15,2026-09-14,280.70,ACTIVE,2025-09-15 14:22:31+00:00
P0000915,C000667,MEDICAL,2025-10-13,2026-10-12,3288.80,ACTIVE,2025-10-13 00:37:19+00:00
P0000916,C000668,CRITICAL_ILLNESS,2025-11-11,2026-11-10,2258.90,ACTIVE,2025-11-11 00:37:48+00:00
P0000917,C000669,MEDICAL,2025-09-11,2026-09-10,1667.50,CANCELLED,2025-09-11 07:51:29+00:00
P0000918,C000670,MEDICAL,2025-11-19,2026-11-18,1246.20,ACTIVE,2025-11-19 06:04:48+00:00
P0000919,C000671,HOSPITALIZATION,2025-12-26,2026-12-25,838.20,ACTIVE,2025-12-26 18:47:46+00:00
P0000920,C000672,MEDICAL,2025-07-02,2026-07-01,1514.90,ACTIVE,2025-07-02 09:17:10+00:00
P0000921,C000673,HOSPITALIZATION,2025-03-08,2026-03-07,2552.30,ACTIVE,2025-03-08 19:41:02+00:00
P0000922,C000674,CRITICAL_ILLNESS,2025-09-29,2026-09-28,3147.60,ACTIVE,2025-09-29 14:17:21+00:00
P0000923,C000675,HOSPITALIZATION,2025-11-21,2026-11-20,1458.40,ACTIVE,2025-11-21 23:36:48+00:00
P0000924,C000675,HOSPITALIZATION,2025-05-15,2026-05-14,1504.40,ACTIVE,2025-05-15 21:40:27+00:00
P0000925,C000676,HOSPITALIZATION,2025-09-09,2026-09-08,2567.80,ACTIVE,2025-09-09 23:15:57+00:00
P0000926,C000677,MEDICAL,2024-11-26,2025-11-25,4024.70,EXPIRED,2024-11-26 22:58:39+00:00
P0000927,C000677,HOSPITALIZATION,2025-07-24,2026-07-23,2277.70,ACTIVE,2025-07-24 23:18:21+00:00
P0000928,C000678,PERSONAL_ACCIDENT,2025-11-19,2026-11-18,307.70,ACTIVE,2025-11-19 20:59:02+00:00
P0000929,C000679,MEDICAL,2025-07-22,2026-07-21,2063.40,ACTIVE,2025-07-22 22:27:08+00:00
P0000930,C000679,MEDICAL,2025-12-13,2026-12-12,2137.80,ACTIVE,2025-12-13 14:00:09+00:00
P0000931,C000680,HOSPITALIZATION,2025-08-26,2026-08-25,2313.00,ACTIVE,2025-08-26 04:50:54+00:00
P0000932,C000681,MEDICAL,2025-03-13,2026-03-12,1612.90,ACTIVE,2025-03-13 12:51:50+00:00
P0000933,C000681,MEDICAL,2025-06-25,2026-06-24,1715.20,ACTIVE,2025-06-25 21:00:56+00:00
P0000934,C000682,MEDICAL,2024-08-02,2025-08-01,1495.40,EXPIRED,2024-08-02 16:57:19+00:00
P0000935,C000683,MEDICAL,2025-11-02,2026-11-01,1140.70,CANCELLED,2025-11-02 20:36:18+00:00
P0000936,C000683,PERSONAL_ACCIDENT,2025-10-23,2026-10-22,215.00,ACTIVE,2025-10-23 18:53:16+00:00
P0000937,C000684,PERSONAL_ACCIDENT,2025-08-18,2026-08-17,246.50,ACTIVE,2025-08-18 21:50:41+00:00
P0000938,C000684,MEDICAL,2025-05-04,2026-05-03,1218.80,ACTIVE,2025-05-04 12:04:22+00:00
P0000939,C000685,HOSPITALIZATION,2025-10-28,2026-10-27,2698.40,ACTIVE,2025-10-28 08:36:54+00:00
P0000940,C000685,PERSONAL_ACCIDENT,2025-11-12,2026-11-11,304.40,ACTIVE,2025-11-12 17:54:28+00:00
P0000941,C000685,HOSPITALIZATION,2025-11-06,2026-11-05,2435.70,LAPSED,2025-11-06 08:20:35+00:00
P0000942,C000686,MEDICAL,2025-01-20,2026-01-19,2166.30,ACTIVE,2025-01-20 16:41:32+00:00
P0000943,C000688,MEDICAL,2025-11-07,2026-11-06,2185.10,ACTIVE,2025-11-07 09:26:37+00:00
P0000944,C000688,CRITICAL_ILLNESS,2025-10-04,2026-10-03,1712.80,ACTIVE,2025-10-04 19:14:53+00:00
P0000945,C000689,HOSPITALIZATION,2025-12-24,2026-12-23,744.80,ACTIVE,2025-12-24 14:49:04+00:00
P0000946,C000690,MEDICAL,2025-08-22,2026-08-21,3133.00,LAPSED,2025-08-22 19:13:46+00:00
P0000947,C000691,CRITICAL_ILLNESS,2024-11-18,2025-11-17,1540.90,EXPIRED,2024-11-18 11:42:40+00:00
P0000948,C000693,HOSPITALIZATION,2025-06-12,2026-06-11,1956.30,ACTIVE,2025-06-12 03:54:00+00:00
P0000949,C000693,MEDICAL,2025-03-17,2026-03-16,3084.80,ACTIVE,2025-03-17 08:48:00+00:00
P0000950,C000693,PERSONAL_ACCIDENT,2024-07-29,2025-07-28,280.40,EXPIRED,2024-07-29 08:17:30+00:00
P0000951,C000694,HOSPITALIZATION,2025-01-27,2026-01-26,986.30,ACTIVE,2025-01-27 01:30:58+00:00
P0000952,C000694,PERSONAL_ACCIDENT,2025-12-27,2026-12-26,272.90,ACTIVE,2025-12-27 10:57:42+00:00
P0000953,C000695,MEDICAL,2025-12-30,2026-12-29,3060.60,ACTIVE,2025-12-30 00:55:43+00:00
P0000954,C000696,PERSONAL_ACCIDENT,2024-10-14,2025-10-13,254.10,EXPIRED,2024-10-14 23:46:18+00:00
P0000955,C000696,PERSONAL_ACCIDENT,2025-09-01,2026-08-31,239.60,ACTIVE,2025-09-01 02:40:25+00:00
P0000956,C000697,HOSPITALIZATION,2025-11-08,2026-11-07,1357.20,ACTIVE,2025-11-08 17:57:38+00:00
P0000957,C000697,HOSPITALIZATION,2025-07-10,2026-07-09,1321.10,ACTIVE,2025-07-10 09:00:58+00:00
P0000958,C000697,HOSPITALIZATION,2025-11-12,2026-11-11,1282.60,ACTIVE,2025-11-12 20:22:50+00:00
P0000959,C000698,MEDICAL,2025-01-04,2026-01-03,4147.50,ACTIVE,2025-01-04 11:42:47+00:00
P0000960,C000699,MEDICAL,2025-06-15,2026-06-14,1179.50,ACTIVE,2025-06-15 20:11:02+00:00
P0000961,C000700,PERSONAL_ACCIDENT,2025-12-31,2026-12-30,214.30,ACTIVE,2025-12-31 08:11:10+00:00
P0000962,C000701,MEDICAL,2025-06-24,2026-06-23,3946.10,ACTIVE,2025-06-24 09:01:51+00:00
P0000963,C000702,HOSPITALIZATION,2025-12-18,2026-12-17,1877.70,ACTIVE,2025-12-18 18:23:38+00:00
P0000964,C000702,HOSPITALIZATION,2025-12-05,2026-12-04,1850.20,CANCELLED,2025-12-05 19:11:25+00:00
P0000965,C000702,MEDICAL,2025-12-14,2026-12-13,3691.80,ACTIVE,2025-12-14 05:41:53+00:00
P0000966,C000703,MEDICAL,2025-10-31,2026-10-30,3825.40,ACTIVE,2025-10-31 17:32:35+00:00
P0000967,C000704,PERSONAL_ACCIDENT,2024-11-30,2025-11-29,208.50,EXPIRED,2024-11-30 12:41:14+00:00
P0000968,C000704,MEDICAL,2024-09-25,2025-09-24,993.40,EXPIRED,2024-09-25 19:35:51+00:00
P0000969,C000705,MEDICAL,2025-10-08,2026-10-07,2291.00,ACTIVE,2025-10-08 11:28:31+00:00
P0000970,C000706,MEDICAL,2025-11-18,2026-11-17,1996.40,ACTIVE,2025-11-18 22:25:10+00:00
P0000971,C000707,CRITICAL_ILLNESS,2024-11-02,2025-11-01,3729.60,EXPIRED,2024-11-02 12:57:23+00:00
P0000972,C000708,MEDICAL,2025-08-29,2026-08-28,1939.10,ACTIVE,2025-08-29 15:31:05+00:00
P0000973,C000708,MEDICAL,2024-12-03,2025-12-02,1759.90,EXPIRED,2024-12-03 16:43:34+00:00
P0000974,C000708,HOSPITALIZATION,2025-02-05,2026-02-04,1088.60,ACTIVE,2025-02-05 10:24:41+00:00
P0000975,C000709,PERSONAL_ACCIDENT,2025-03-14,2026-03-13,258.50,ACTIVE,2025-03-14 03:21:29+00:00
P0000976,C000710,PERSONAL_ACCIDENT,2025-12-01,2026-11-30,241.80,ACTIVE,2025-12-01 20:18:10+00:00
P0000977,C000711,MEDICAL,2025-08-29,2026-08-28,1954.70,ACTIVE,2025-08-29 04:48:07+00:00
P0000978,C000712,MEDICAL,2025-05-17,2026-05-16,4831.40,ACTIVE,2025-05-17 09:13:02+00:00
P0000979,C000713,CRITICAL_ILLNESS,2025-12-24,2026-12-23,811.90,CANCELLED,2025-12-24 13:47:12+00:00
P0000980,C000714,PERSONAL_ACCIDENT,2025-10-03,2026-10-02,294.50,ACTIVE,2025-10-03 22:50:26+00:00
P0000981,C000715,HOSPITALIZATION,2024-11-07,2025-11-06,651.30,EXPIRED,2024-11-07 02:40:28+00:00
P0000982,C000716,HOSPITALIZATION,2025-10-05,2026-10-04,1137.00,ACTIVE,2025-10-05 21:32:59+00:00
P0000983,C000717,MEDICAL,2025-03-24,2026-03-23,4198.60,ACTIVE,2025-03-24 04:28:48+00:00
P0000984,C000719,PERSONAL_ACCIDENT,2025-11-23,2026-11-22,239.90,ACTIVE,2025-11-23 00:51:16+00:00
P0000985,C000719,MEDICAL,2025-06-19,2026-06-18,1484.90,ACTIVE,2025-06-19 01:51:13+00:00
P0000986,C000720,PERSONAL_ACCIDENT,2025-03-31,2026-03-30,283.10,CANCELLED,2025-03-31 21:46:36+00:00
P0000987,C000721,MEDICAL,2025-12-12,2026-12-11,4353.70,CANCELLED,2025-12-12 12:26:11+00:00
P0000988,C000722,CRITICAL_ILLNESS,2025-12-31,2026-12-30,811.80,ACTIVE,2025-12-31 17:59:20+00:00
P0000989,C000723,CRITICAL_ILLNESS,2025-07-01,2026-06-30,847.40,CANCELLED,2025-07-01 00:52:03+00:00
P0000990,C000724,CRITICAL_ILLNESS,2025-10-18,2026-10-17,1115.20,ACTIVE,2025-10-18 18:28:35+00:00
P0000991,C000724,HOSPITALIZATION,2025-06-13,2026-06-12,796.20,ACTIVE,2025-06-13 07:23:29+00:00
P0000992,C000725,MEDICAL,2025-12-02,2026-12-01,1573.40,ACTIVE,2025-12-02 17:46:13+00:00
P0000993,C000725,HOSPITALIZATION,2025-10-09,2026-10-08,883.40,ACTIVE,2025-10-09 11:32:04+00:00
P0000994,C000726,MEDICAL,2025-02-28,2026-02-27,1119.70,ACTIVE,2025-02-28 18:18:20+00:00
P0000995,C000728,HOSPITALIZATION,2025-11-22,2026-11-21,1044.20,ACTIVE,2025-11-22 08:57:50+00:00
P0000996,C000728,PERSONAL_ACCIDENT,2025-12-13,2026-12-12,242.40,ACTIVE,2025-12-13 17:00:00+00:00
P0000997,C000729,MEDICAL,2025-11-09,2026-11-08,3941.80,ACTIVE,2025-11-09 04:09:35+00:00
P0000998,C000730,HOSPITALIZATION,2025-08-05,2026-08-04,652.90,ACTIVE,2025-08-05 16:22:07+00:00
P0000999,C000730,MEDICAL,2024-12-16,2025-12-15,1082.00,EXPIRED,2024-12-16 21:40:34+00:00
P0001000,C000731,HOSPITALIZATION,2025-03-08,2026-03-07,2319.20,ACTIVE,2025-03-08 06:06:58+00:00
P0001001,C000732,MEDICAL,2024-08-28,2025-08-27,3336.80,EXPIRED,2024-08-28 11:35:25+00:00
P0001002,C000733,HOSPITALIZATION,2025-04-15,2026-04-14,1271.30,CANCELLED,2025-04-15 11:07:34+00:00
P0001003,C000734,CRITICAL_ILLNESS,2024-11-03,2025-11-02,1703.50,EXPIRED,2024-11-03 01:07:18+00:00
P0001004,C000735,MEDICAL,2025-10-30,2026-10-29,2444.20,LAPSED,2025-10-30 07:50:55+00:00
P0001005,C000735,PERSONAL_ACCIDENT,2025-11-26,2026-11-25,264.20,ACTIVE,2025-11-26 23:51:34+00:00
P0001006,C000736,PERSONAL_ACCIDENT,2025-09-15,2026-09-14,233.70,ACTIVE,2025-09-15 07:54:47+00:00
P0001007,C000736,MEDICAL,2025-03-25,2026-03-24,1136.30,ACTIVE,2025-03-25 07:25:43+00:00
P0001008,C000736,HOSPITALIZATION,2025-06-07,2026-06-06,688.60,ACTIVE,2025-06-07 01:38:23+00:00
P0001009,C000739,MEDICAL,2024-07-31,2025-07-30,2225.80,EXPIRED,2024-07-31 02:37:08+00:00
P0001010,C000740,HOSPITALIZATION,2025-10-08,2026-10-07,1231.40,ACTIVE,2025-10-08 11:06:21+00:00
P0001011,C000740,HOSPITALIZATION,2025-07-18,2026-07-17,1316.30,ACTIVE,2025-07-18 15:26:42+00:00
P0001012,C000741,MEDICAL,2025-12-13,2026-12-12,2880.30,ACTIVE,2025-12-13 23:39:55+00:00
P0001013,C000742,CRITICAL_ILLNESS,2025-02-26,2026-02-25,3851.10,ACTIVE,2025-02-26 18:23:39+00:00
P0001014,C000742,HOSPITALIZATION,2025-06-02,2026-06-01,2291.90,ACTIVE,2025-06-02 12:03:19+00:00
P0001015,C000743,MEDICAL,2025-11-23,2026-11-22,979.80,ACTIVE,2025-11-23 08:04:56+00:00
P0001016,C000744,MEDICAL,2025-10-13,2026-10-12,2419.50,ACTIVE,2025-10-13 01:58:55+00:00
P0001017,C000744,PERSONAL_ACCIDENT,2025-12-03,2026-12-02,278.00,CANCELLED,2025-12-03 10:47:53+00:00
P0001018,C000744,HOSPITALIZATION,2025-11-09,2026-11-08,1346.80,ACTIVE,2025-11-09 09:14:28+00:00
P0001019,C000745,HOSPITALIZATION,2025-09-22,2026-09-21,1441.10,ACTIVE,2025-09-22 20:24:53+00:00
P0001020,C000746,MEDICAL,2025-12-01,2026-11-30,4441.10,ACTIVE,2025-12-01 18:26:35+00:00
P0001021,C000746,HOSPITALIZATION,2025-12-05,2026-12-04,2331.10,ACTIVE,2025-12-05 11:24:33+00:00
P0001022,C000746,MEDICAL,2025-12-20,2026-12-19,4074.70,ACTIVE,2025-12-20 20:16:38+00:00
P0001023,C000747,MEDICAL,2025-11-28,2026-11-27,2673.20,ACTIVE,2025-11-28 20:36:33+00:00
P0001024,C000747,MEDICAL,2025-12-18,2026-12-17,2874.00,ACTIVE,2025-12-18 23:45:35+00:00
P0001025,C000748,MEDICAL,2025-12-27,2026-12-26,1746.30,ACTIVE,2025-12-27 21:51:54+00:00
P0001026,C000749,MEDICAL,2025-01-17,2026-01-16,3332.00,ACTIVE,2025-01-17 13:32:44+00:00
P0001027,C000749,PERSONAL_ACCIDENT,2025-07-06,2026-07-05,306.30,ACTIVE,2025-07-06 03:12:39+00:00
P0001028,C000750,MEDICAL,2025-04-18,2026-04-17,1040.80,ACTIVE,2025-04-18 08:56:06+00:00
P0001029,C000751,CRITICAL_ILLNESS,2024-05-16,2025-05-15,3030.90,EXPIRED,2024-05-16 18:41:19+00:00
P0001030,C000752,PERSONAL_ACCIDENT,2024-12-29,2025-12-28,229.70,EXPIRED,2024-12-29 08:13:31+00:00
P0001031,C000753,CRITICAL_ILLNESS,2025-09-07,2026-09-06,1513.90,ACTIVE,2025-09-07 15:06:27+00:00
P0001032,C000754,MEDICAL,2025-11-29,2026-11-28,894.10,ACTIVE,2025-11-29 03:44:09+00:00
P0001033,C000755,HOSPITALIZATION,2025-09-19,2026-09-18,1927.80,ACTIVE,2025-09-19 11:07:59+00:00
P0001034,C000756,MEDICAL,2025-11-22,2026-11-21,1733.70,ACTIVE,2025-11-22 01:59:45+00:00
P0001035,C000756,CRITICAL_ILLNESS,2025-12-29,2026-12-28,1452.30,ACTIVE,2025-12-29 15:30:44+00:00
P0001036,C000757,CRITICAL_ILLNESS,2025-07-27,2026-07-26,1327.30,ACTIVE,2025-07-27 08:45:27+00:00
P0001037,C000757,MEDICAL,2025-06-12,2026-06-11,1725.10,ACTIVE,2025-06-12 05:18:13+00:00
P0001038,C000758,CRITICAL_ILLNESS,2024-11-22,2025-11-21,4047.20,EXPIRED,2024-11-22 03:27:02+00:00
P0001039,C000758,HOSPITALIZATION,2024-12-20,2025-12-19,2326.80,CANCELLED,2024-12-20 16:05:19+00:00
P0001040,C000759,HOSPITALIZATION,2024-06-13,2025-06-12,1928.40,EXPIRED,2024-06-13 12:23:14+00:00
P0001041,C000760,HOSPITALIZATION,2025-09-08,2026-09-07,1751.30,ACTIVE,2025-09-08 16:57:11+00:00
P0001042,C000761,PERSONAL_ACCIDENT,2025-12-18,2026-12-17,278.40,LAPSED,2025-12-18 21:40:15+00:00
P0001043,C000762,HOSPITALIZATION,2025-07-14,2026-07-13,1363.90,ACTIVE,2025-07-14 19:37:45+00:00
P0001044,C000762,PERSONAL_ACCIDENT,2025-11-13,2026-11-12,281.10,ACTIVE,2025-11-13 06:16:39+00:00
P0001045,C000762,PERSONAL_ACCIDENT,2025-06-17,2026-06-16,255.10,ACTIVE,2025-06-17 07:17:42+00:00
P0001046,C000763,HOSPITALIZATION,2025-10-11,2026-10-10,1965.00,LAPSED,2025-10-11 13:25:46+00:00
P0001047,C000763,MEDICAL,2025-10-13,2026-10-12,4029.90,ACTIVE,2025-10-13 11:34:52+00:00
P0001048,C000763,MEDICAL,2025-12-27,2026-12-26,4056.50,ACTIVE,2025-12-27 02:39:43+00:00
P0001049,C000764,HOSPITALIZATION,2025-10-01,2026-09-30,1289.40,ACTIVE,2025-10-01 12:19:22+00:00
P0001050,C000765,CRITICAL_ILLNESS,2025-05-29,2026-05-28,4047.50,ACTIVE,2025-05-29 15:44:40+00:00
P0001051,C000765,HOSPITALIZATION,2025-09-05,2026-09-04,2321.00,ACTIVE,2025-09-05 15:55:34+00:00
P0001052,C000766,HOSPITALIZATION,2025-10-25,2026-10-24,974.10,CANCELLED,2025-10-25 18:23:05+00:00
P0001053,C000766,MEDICAL,2025-12-19,2026-12-18,1593.20,ACTIVE,2025-12-19 11:05:59+00:00
P0001054,C000767,HOSPITALIZATION,2025-06-09,2026-06-08,1277.30,ACTIVE,2025-06-09 12:26:13+00:00
P0001055,C000768,CRITICAL_ILLNESS,2025-12-28,2026-12-27,3062.30,ACTIVE,2025-12-28 16:43:51+00:00
P0001056,C000769,HOSPITALIZATION,2025-05-03,2026-05-02,2240.70,ACTIVE,2025-05-03 12:25:01+00:00
P0001057,C000770,PERSONAL_ACCIDENT,2024-08-07,2025-08-06,246.80,EXPIRED,2024-08-07 02:31:03+00:00
P0001058,C000770,PERSONAL_ACCIDENT,2024-07-08,2025-07-07,244.50,EXPIRED,2024-07-08 13:36:55+00:00
P0001059,C000770,MEDICAL,2025-05-02,2026-05-01,1899.50,ACTIVE,2025-05-02 03:26:04+00:00
P0001060,C000771,HOSPITALIZATION,2024-09-17,2025-09-16,1201.80,EXPIRED,2024-09-17 18:44:05+00:00
P0001061,C000773,MEDICAL,2025-09-13,2026-09-12,907.60,ACTIVE,2025-09-13 02:18:09+00:00
P0001062,C000774,HOSPITALIZATION,2025-01-05,2026-01-04,1524.70,ACTIVE,2025-01-05 02:16:41+00:00
P0001063,C000775,HOSPITALIZATION,2025-07-16,2026-07-15,856.00,ACTIVE,2025-07-16 05:51:54+00:00
P0001064,C000776,HOSPITALIZATION,2025-07-21,2026-07-20,1443.60,LAPSED,2025-07-21 19:13:14+00:00
P0001065,C000776,PERSONAL_ACCIDENT,2025-04-11,2026-04-10,282.50,ACTIVE,2025-04-11 13:08:50+00:00
P0001066,C000777,MEDICAL,2025-09-02,2026-09-01,1724.40,ACTIVE,2025-09-02 14:43:27+00:00
P0001067,C000777,MEDICAL,2025-09-18,2026-09-17,1888.50,ACTIVE,2025-09-18 13:51:22+00:00
P0001068,C000778,MEDICAL,2024-08-24,2025-08-23,3220.70,EXPIRED,2024-08-24 05:27:30+00:00
P0001069,C000780,HOSPITALIZATION,2025-12-22,2026-12-21,2256.10,ACTIVE,2025-12-22 07:16:04+00:00
P0001070,C000781,PERSONAL_ACCIDENT,2025-12-26,2026-12-25,255.10,ACTIVE,2025-12-26 06:46:00+00:00
P0001071,C000782,MEDICAL,2025-12-20,2026-12-19,1603.60,ACTIVE,2025-12-20 20:55:48+00:00
P0001072,C000782,PERSONAL_ACCIDENT,2025-06-07,2026-06-06,246.10,ACTIVE,2025-06-07 13:09:14+00:00
P0001073,C000783,HOSPITALIZATION,2025-11-25,2026-11-24,690.90,ACTIVE,2025-11-25 13:56:34+00:00
P0001074,C000784,MEDICAL,2025-05-21,2026-05-20,3005.90,ACTIVE,2025-05-21 16:45:38+00:00
P0001075,C000785,MEDICAL,2025-12-23,2026-12-22,2483.40,ACTIVE,2025-12-23 10:20:55+00:00
P0001076,C000786,CRITICAL_ILLNESS,2025-02-01,2026-01-31,3934.30,CANCELLED,2025-02-01 18:46:59+00:00
P0001077,C000786,PERSONAL_ACCIDENT,2025-11-09,2026-11-08,326.50,ACTIVE,2025-11-09 10:48:49+00:00
P0001078,C000787,MEDICAL,2025-09-07,2026-09-06,2607.20,ACTIVE,2025-09-07 08:01:37+00:00
P0001079,C000788,HOSPITALIZATION,2025-10-05,2026-10-04,628.40,ACTIVE,2025-10-05 11:38:48+00:00
P0001080,C000788,HOSPITALIZATION,2024-12-28,2025-12-27,607.70,EXPIRED,2024-12-28 17:52:52+00:00
P0001081,C000789,MEDICAL,2024-12-03,2025-12-02,1873.20,EXPIRED,2024-12-03 09:05:25+00:00
P0001082,C000790,HOSPITALIZATION,2025-10-07,2026-10-06,793.80,ACTIVE,2025-10-07 13:31:31+00:00
P0001083,C000790,CRITICAL_ILLNESS,2025-04-13,2026-04-12,1013.60,ACTIVE,2025-04-13 14:07:13+00:00
P0001084,C000791,PERSONAL_ACCIDENT,2025-06-29,2026-06-28,313.40,ACTIVE,2025-06-29 20:27:05+00:00
P0001085,C000791,CRITICAL_ILLNESS,2025-09-17,2026-09-16,3703.80,ACTIVE,2025-09-17 06:15:14+00:00
P0001086,C000792,HOSPITALIZATION,2025-12-26,2026-12-25,1793.00,ACTIVE,2025-12-26 14:03:45+00:00
P0001087,C000793,HOSPITALIZATION,2024-12-01,2025-11-30,2304.80,EXPIRED,2024-12-01 02:09:44+00:00
P0001088,C000793,HOSPITALIZATION,2024-11-10,2025-11-09,2415.40,EXPIRED,2024-11-10 18:42:36+00:00
P0001089,C000794,HOSPITALIZATION,2025-08-09,2026-08-08,752.90,ACTIVE,2025-08-09 16:48:10+00:00
P0001090,C000794,PERSONAL_ACCIDENT,2025-12-18,2026-12-17,239.30,CANCELLED,2025-12-18 18:34:24+00:00
P0001091,C000795,HOSPITALIZATION,2025-09-02,2026-09-01,1348.50,ACTIVE,2025-09-02 16:38:36+00:00
P0001092,C000795,MEDICAL,2025-03-23,2026-03-22,2422.50,ACTIVE,2025-03-23 17:58:45+00:00
P0001093,C000795,MEDICAL,2025-03-07,2026-03-06,2536.30,ACTIVE,2025-03-07 15:57:56+00:00
P0001094,C000796,HOSPITALIZATION,2025-03-20,2026-03-19,684.50,ACTIVE,2025-03-20 00:47:37+00:00
P0001095,C000797,HOSPITALIZATION,2025-11-24,2026-11-23,1848.30,ACTIVE,2025-11-24 04:11:01+00:00
P0001096,C000798,HOSPITALIZATION,2025-10-31,2026-10-30,2475.60,ACTIVE,2025-10-31 16:56:56+00:00
P0001097,C000799,HOSPITALIZATION,2025-08-12,2026-08-11,885.50,ACTIVE,2025-08-12 12:11:17+00:00
P0001098,C000800,MEDICAL,2024-09-18,2025-09-17,1020.50,EXPIRED,2024-09-18 23:27:19+00:00
P0001099,C000800,HOSPITALIZATION,2024-05-26,2025-05-25,589.80,EXPIRED,2024-05-26 02:40:54+00:00
P0001100,C000800,MEDICAL,2024-11-19,2025-11-18,1147.00,EXPIRED,2024-11-19 23:03:04+00:00
P0001101,C000801,MEDICAL,2025-06-10,2026-06-09,2054.70,ACTIVE,2025-06-10 13:24:52+00:00
P0001102,C000801,PERSONAL_ACCIDENT,2024-08-21,2025-08-20,246.70,EXPIRED,2024-08-21 19:25:31+00:00
P0001103,C000802,HOSPITALIZATION,2025-10-31,2026-10-30,1268.20,ACTIVE,2025-10-31 11:25:32+00:00
P0001104,C000803,HOSPITALIZATION,2025-01-22,2026-01-21,701.40,ACTIVE,2025-01-22 23:24:21+00:00
P0001105,C000803,MEDICAL,2025-07-28,2026-07-27,1150.40,LAPSED,2025-07-28 01:06:09+00:00
P0001106,C000805,HOSPITALIZATION,2025-11-29,2026-11-28,568.30,ACTIVE,2025-11-29 17:09:13+00:00
P0001107,C000806,PERSONAL_ACCIDENT,2025-08-24,2026-08-23,222.60,ACTIVE,2025-08-24 17:00:33+00:00
P0001108,C000807,MEDICAL,2025-01-25,2026-01-24,1081.90,ACTIVE,2025-01-25 10:39:36+00:00
P0001109,C000807,CRITICAL_ILLNESS,2025-06-02,2026-06-01,926.00,ACTIVE,2025-06-02 10:15:07+00:00
P0001110,C000808,MEDICAL,2025-05-15,2026-05-14,2186.30,ACTIVE,2025-05-15 01:37:55+00:00
P0001111,C000809,PERSONAL_ACCIDENT,2025-12-27,2026-12-26,297.30,ACTIVE,2025-12-27 06:16:04+00:00
P0001112,C000810,MEDICAL,2025-09-14,2026-09-13,2570.70,ACTIVE,2025-09-14 04:45:29+00:00
P0001113,C000811,MEDICAL,2025-03-04,2026-03-03,3147.50,CANCELLED,2025-03-04 13:49:59+00:00
P0001114,C000811,HOSPITALIZATION,2024-10-26,2025-10-25,1547.10,EXPIRED,2024-10-26 00:33:57+00:00
P0001115,C000812,MEDICAL,2025-08-05,2026-08-04,969.50,ACTIVE,2025-08-05 20:11:26+00:00
P0001116,C000813,MEDICAL,2024-05-09,2025-05-08,2328.90,EXPIRED,2024-05-09 07:32:09+00:00
P0001117,C000813,HOSPITALIZATION,2025-01-15,2026-01-14,1312.10,ACTIVE,2025-01-15 15:50:24+00:00
P0001118,C000813,PERSONAL_ACCIDENT,2025-11-20,2026-11-19,290.80,ACTIVE,2025-11-20 04:25:08+00:00
P0001119,C000814,MEDICAL,2025-10-06,2026-10-05,2243.30,ACTIVE,2025-10-06 06:58:51+00:00
P0001120,C000814,MEDICAL,2025-10-08,2026-10-07,2302.20,ACTIVE,2025-10-08 18:23:39+00:00
P0001121,C000815,PERSONAL_ACCIDENT,2025-07-30,2026-07-29,320.10,ACTIVE,2025-07-30 00:54:29+00:00
P0001122,C000815,HOSPITALIZATION,2024-11-07,2025-11-06,2486.40,EXPIRED,2024-11-07 14:10:32+00:00
P0001123,C000816,MEDICAL,2025-09-26,2026-09-25,1915.60,ACTIVE,2025-09-26 15:35:04+00:00
P0001124,C000816,HOSPITALIZATION,2025-09-27,2026-09-26,1083.30,ACTIVE,2025-09-27 02:22:17+00:00
P0001125,C000816,MEDICAL,2025-11-14,2026-11-13,1766.60,ACTIVE,2025-11-14 19:01:31+00:00
P0001126,C000817,HOSPITALIZATION,2025-12-17,2026-12-16,1131.90,ACTIVE,2025-12-17 10:31:47+00:00
P0001127,C000817,CRITICAL_ILLNESS,2025-12-10,2026-12-09,1436.00,ACTIVE,2025-12-10 04:52:11+00:00
P0001128,C000817,MEDICAL,2025-12-07,2026-12-06,1928.20,ACTIVE,2025-12-07 15:51:56+00:00
P0001129,C000818,MEDICAL,2025-03-21,2026-03-20,2821.60,ACTIVE,2025-03-21 15:15:19+00:00
P0001130,C000818,HOSPITALIZATION,2025-03-14,2026-03-13,1543.40,ACTIVE,2025-03-14 15:28:50+00:00
P0001131,C000818,HOSPITALIZATION,2025-03-20,2026-03-19,1696.80,ACTIVE,2025-03-20 00:39:27+00:00
P0001132,C000819,CRITICAL_ILLNESS,2025-07-05,2026-07-04,1457.90,ACTIVE,2025-07-05 21:58:51+00:00
P0001133,C000820,MEDICAL,2025-08-02,2026-08-01,4147.90,ACTIVE,2025-08-02 14:16:13+00:00
P0001134,C000821,CRITICAL_ILLNESS,2025-03-20,2026-03-19,2439.80,ACTIVE,2025-03-20 12:53:00+00:00
P0001135,C000822,MEDICAL,2024-12-05,2025-12-04,1471.60,EXPIRED,2024-12-05 11:26:41+00:00
P0001136,C000822,HOSPITALIZATION,2025-02-25,2026-02-24,822.00,ACTIVE,2025-02-25 19:52:08+00:00
P0001137,C000822,HOSPITALIZATION,2025-04-22,2026-04-21,787.40,ACTIVE,2025-04-22 17:53:21+00:00
P0001138,C000823,MEDICAL,2025-01-07,2026-01-06,3456.10,ACTIVE,2025-01-07 10:10:55+00:00
P0001139,C000824,MEDICAL,2025-09-30,2026-09-29,1069.00,ACTIVE,2025-09-30 05:31:16+00:00
P0001140,C000824,MEDICAL,2025-11-26,2026-11-25,1227.30,ACTIVE,2025-11-26 00:03:58+00:00
P0001141,C000827,MEDICAL,2025-08-25,2026-08-24,961.00,CANCELLED,2025-08-25 12:18:41+00:00
P0001142,C000828,MEDICAL,2025-01-12,2026-01-11,988.30,ACTIVE,2025-01-12 00:21:35+00:00
P0001143,C000828,HOSPITALIZATION,2025-01-27,2026-01-26,524.70,ACTIVE,2025-01-27 12:42:54+00:00
P0001144,C000828,CRITICAL_ILLNESS,2025-06-19,2026-06-18,675.60,ACTIVE,2025-06-19 14:14:56+00:00
P0001145,C000829,CRITICAL_ILLNESS,2025-12-04,2026-12-03,925.60,ACTIVE,2025-12-04 17:02:54+00:00
P0001146,C000829,HOSPITALIZATION,2025-05-02,2026-05-01,713.40,ACTIVE,2025-05-02 08:45:00+00:00
P0001147,C000829,PERSONAL_ACCIDENT,2024-11-24,2025-11-23,246.50,CANCELLED,2024-11-24 23:16:59+00:00
P0001148,C000830,MEDICAL,2025-08-17,2026-08-16,3455.00,ACTIVE,2025-08-17 06:08:12+00:00
P0001149,C000830,MEDICAL,2025-12-24,2026-12-23,3639.00,ACTIVE,2025-12-24 15:56:42+00:00
P0001150,C000831,MEDICAL,2025-12-10,2026-12-09,3884.20,ACTIVE,2025-12-10 01:39:04+00:00
P0001151,C000832,CRITICAL_ILLNESS,2024-08-20,2025-08-19,801.60,EXPIRED,2024-08-20 12:14:54+00:00
P0001152,C000832,HOSPITALIZATION,2025-07-12,2026-07-11,602.00,ACTIVE,2025-07-12 01:15:37+00:00
P0001153,C000833,HOSPITALIZATION,2025-08-28,2026-08-27,2210.60,ACTIVE,2025-08-28 12:19:35+00:00
P0001154,C000834,MEDICAL,2025-12-07,2026-12-06,1999.90,ACTIVE,2025-12-07 05:17:04+00:00
P0001155,C000834,HOSPITALIZATION,2025-12-15,2026-12-14,1004.90,ACTIVE,2025-12-15 04:53:15+00:00
P0001156,C000835,HOSPITALIZATION,2025-11-17,2026-11-16,1050.50,ACTIVE,2025-11-17 09:35:17+00:00
P0001157,C000835,MEDICAL,2025-11-03,2026-11-02,1843.50,CANCELLED,2025-11-03 13:04:30+00:00
P0001158,C000836,CRITICAL_ILLNESS,2025-08-28,2026-08-27,845.90,ACTIVE,2025-08-28 09:25:12+00:00
P0001159,C000836,MEDICAL,2025-08-07,2026-08-06,1015.70,ACTIVE,2025-08-07 15:53:19+00:00
P0001160,C000837,MEDICAL,2025-05-01,2026-04-30,2135.90,ACTIVE,2025-05-01 00:40:36+00:00
P0001161,C000838,MEDICAL,2025-04-19,2026-04-18,1045.10,ACTIVE,2025-04-19 19:47:52+00:00
P0001162,C000839,MEDICAL,2025-07-31,2026-07-30,1789.50,ACTIVE,2025-07-31 14:35:47+00:00
P0001163,C000840,HOSPITALIZATION,2025-03-12,2026-03-11,1739.20,ACTIVE,2025-03-12 04:03:14+00:00
P0001164,C000840,HOSPITALIZATION,2025-02-24,2026-02-23,1853.90,ACTIVE,2025-02-24 17:34:37+00:00
P0001165,C000840,MEDICAL,2024-10-27,2025-10-26,3274.00,EXPIRED,2024-10-27 16:05:17+00:00
P0001166,C000842,MEDICAL,2025-01-08,2026-01-07,2945.30,ACTIVE,2025-01-08 09:29:26+00:00
P0001167,C000842,HOSPITALIZATION,2025-05-08,2026-05-07,1695.90,ACTIVE,2025-05-08 07:32:13+00:00
P0001168,C000842,CRITICAL_ILLNESS,2025-12-24,2026-12-23,3206.20,ACTIVE,2025-12-24 12:53:46+00:00
P0001169,C000843,MEDICAL,2025-10-04,2026-10-03,968.80,ACTIVE,2025-10-04 14:11:50+00:00
P0001170,C000843,MEDICAL,2024-11-04,2025-11-03,915.30,EXPIRED,2024-11-04 10:17:08+00:00
P0001171,C000845,MEDICAL,2025-09-10,2026-09-09,2515.60,ACTIVE,2025-09-10 03:24:19+00:00
P0001172,C000847,HOSPITALIZATION,2025-12-03,2026-12-02,2025.60,ACTIVE,2025-12-03 22:53:40+00:00
P0001173,C000847,MEDICAL,2025-12-11,2026-12-10,3330.10,ACTIVE,2025-12-11 14:51:32+00:00
P0001174,C000847,MEDICAL,2025-07-22,2026-07-21,3610.30,ACTIVE,2025-07-22 23:42:09+00:00
P0001175,C000848,HOSPITALIZATION,2025-08-20,2026-08-19,2130.00,ACTIVE,2025-08-20 13:12:42+00:00
P0001176,C000849,MEDICAL,2025-01-05,2026-01-04,1963.20,ACTIVE,2025-01-05 15:34:55+00:00
P0001177,C000850,MEDICAL,2025-10-30,2026-10-29,1567.10,ACTIVE,2025-10-30 13:30:41+00:00
P0001178,C000850,PERSONAL_ACCIDENT,2025-12-26,2026-12-25,245.00,ACTIVE,2025-12-26 02:58:05+00:00
P0001179,C000852,HOSPITALIZATION,2024-11-22,2025-11-21,960.10,EXPIRED,2024-11-22 08:37:31+00:00
P0001180,C000852,MEDICAL,2025-08-08,2026-08-07,1518.60,ACTIVE,2025-08-08 10:16:55+00:00
P0001181,C000853,MEDICAL,2024-09-28,2025-09-27,1064.70,EXPIRED,2024-09-28 23:56:16+00:00
P0001182,C000853,PERSONAL_ACCIDENT,2025-03-29,2026-03-28,218.30,ACTIVE,2025-03-29 00:44:54+00:00
P0001183,C000854,CRITICAL_ILLNESS,2025-03-20,2026-03-19,3903.20,ACTIVE,2025-03-20 21:00:06+00:00
P0001184,C000854,HOSPITALIZATION,2025-10-21,2026-10-20,2341.60,ACTIVE,2025-10-21 16:39:00+00:00
P0001185,C000854,CRITICAL_ILLNESS,2025-10-08,2026-10-07,4180.40,ACTIVE,2025-10-08 23:41:41+00:00
P0001186,C000855,CRITICAL_ILLNESS,2025-03-18,2026-03-17,1878.10,ACTIVE,2025-03-18 22:32:47+00:00
P0001187,C000855,MEDICAL,2025-09-12,2026-09-11,2417.30,ACTIVE,2025-09-12 13:37:53+00:00
P0001188,C000855,CRITICAL_ILLNESS,2024-12-30,2025-12-29,1953.40,EXPIRED,2024-12-30 01:00:15+00:00
P0001189,C000856,CRITICAL_ILLNESS,2025-12-30,2026-12-29,1344.10,ACTIVE,2025-12-30 10:34:15+00:00
P0001190,C000857,CRITICAL_ILLNESS,2025-07-04,2026-07-03,4803.50,ACTIVE,2025-07-04 00:48:20+00:00
P0001191,C000858,HOSPITALIZATION,2025-08-14,2026-08-13,549.60,ACTIVE,2025-08-14 01:17:05+00:00
P0001192,C000859,HOSPITALIZATION,2025-09-06,2026-09-05,1086.10,ACTIVE,2025-09-06 14:33:51+00:00
P0001193,C000860,MEDICAL,2025-07-14,2026-07-13,1096.30,ACTIVE,2025-07-14 00:20:10+00:00
P0001194,C000860,HOSPITALIZATION,2025-03-29,2026-03-28,606.10,CANCELLED,2025-03-29 17:25:33+00:00
P0001195,C000860,HOSPITALIZATION,2025-04-02,2026-04-01,601.50,ACTIVE,2025-04-02 11:12:58+00:00
P0001196,C000861,MEDICAL,2025-11-04,2026-11-03,1880.00,ACTIVE,2025-11-04 18:11:15+00:00
P0001197,C000862,HOSPITALIZATION,2025-05-03,2026-05-02,633.10,ACTIVE,2025-05-03 09:49:40+00:00
P0001198,C000863,MEDICAL,2025-09-15,2026-09-14,3597.70,ACTIVE,2025-09-15 07:21:07+00:00
P0001199,C000864,MEDICAL,2025-12-24,2026-12-23,1018.50,CANCELLED,2025-12-24 09:20:41+00:00
P0001200,C000865,PERSONAL_ACCIDENT,2025-12-10,2026-12-09,294.60,LAPSED,2025-12-10 20:33:45+00:00
P0001201,C000865,HOSPITALIZATION,2025-11-23,2026-11-22,1253.20,ACTIVE,2025-11-23 13:16:38+00:00
P0001202,C000866,PERSONAL_ACCIDENT,2024-10-15,2025-10-14,270.40,EXPIRED,2024-10-15 19:41:22+00:00
P0001203,C000867,PERSONAL_ACCIDENT,2025-03-21,2026-03-20,264.20,ACTIVE,2025-03-21 11:41:02+00:00
P0001204,C000867,MEDICAL,2025-04-23,2026-04-22,1867.90,LAPSED,2025-04-23 19:05:06+00:00
P0001205,C000868,MEDICAL,2024-12-06,2025-12-05,982.50,EXPIRED,2024-12-06 16:29:41+00:00
P0001206,C000868,MEDICAL,2025-03-05,2026-03-04,882.00,ACTIVE,2025-03-05 07:17:10+00:00
P0001207,C000869,MEDICAL,2025-10-16,2026-10-15,3351.70,ACTIVE,2025-10-16 12:02:12+00:00
P0001208,C000869,PERSONAL_ACCIDENT,2025-04-28,2026-04-27,308.90,ACTIVE,2025-04-28 04:05:09+00:00
P0001209,C000870,MEDICAL,2025-11-09,2026-11-08,2844.20,ACTIVE,2025-11-09 04:40:29+00:00
P0001210,C000871,MEDICAL,2025-07-07,2026-07-06,4764.60,ACTIVE,2025-07-07 16:16:20+00:00
P0001211,C000872,MEDICAL,2025-12-14,2026-12-13,907.70,ACTIVE,2025-12-14 01:03:16+00:00
P0001212,C000873,MEDICAL,2025-10-22,2026-10-21,1440.30,CANCELLED,2025-10-22 09:16:00+00:00
P0001213,C000873,CRITICAL_ILLNESS,2025-08-23,2026-08-22,1031.40,LAPSED,2025-08-23 07:11:59+00:00
P0001214,C000874,CRITICAL_ILLNESS,2025-10-20,2026-10-19,1032.70,ACTIVE,2025-10-20 17:43:07+00:00
P0001215,C000875,MEDICAL,2025-11-09,2026-11-08,1337.60,ACTIVE,2025-11-09 12:12:36+00:00
P0001216,C000875,HOSPITALIZATION,2025-12-02,2026-12-01,909.00,ACTIVE,2025-12-02 06:04:08+00:00
P0001217,C000876,HOSPITALIZATION,2025-10-27,2026-10-26,750.70,ACTIVE,2025-10-27 11:25:50+00:00
P0001218,C000877,HOSPITALIZATION,2025-07-24,2026-07-23,588.90,ACTIVE,2025-07-24 14:57:05+00:00
P0001219,C000877,HOSPITALIZATION,2025-04-18,2026-04-17,531.00,ACTIVE,2025-04-18 12:42:36+00:00
P0001220,C000878,MEDICAL,2025-12-25,2026-12-24,1279.60,ACTIVE,2025-12-25 05:37:36+00:00
P0001221,C000879,MEDICAL,2025-08-06,2026-08-05,2083.50,ACTIVE,2025-08-06 07:21:17+00:00
P0001222,C000880,HOSPITALIZATION,2025-08-12,2026-08-11,916.00,ACTIVE,2025-08-12 16:23:36+00:00
P0001223,C000880,MEDICAL,2025-12-31,2026-12-30,1647.00,ACTIVE,2025-12-31 08:48:00+00:00
P0001224,C000880,PERSONAL_ACCIDENT,2025-09-27,2026-09-26,270.10,ACTIVE,2025-09-27 08:14:16+00:00
P0001225,C000881,HOSPITALIZATION,2025-10-17,2026-10-16,998.50,CANCELLED,2025-10-17 16:39:34+00:00
P0001226,C000882,CRITICAL_ILLNESS,2025-01-13,2026-01-12,1466.30,ACTIVE,2025-01-13 11:09:59+00:00
P0001227,C000882,HOSPITALIZATION,2025-08-17,2026-08-16,967.80,ACTIVE,2025-08-17 23:58:56+00:00
P0001228,C000883,PERSONAL_ACCIDENT,2024-12-01,2025-11-30,263.90,EXPIRED,2024-12-01 09:13:55+00:00
P0001229,C000884,MEDICAL,2025-12-13,2026-12-12,1506.90,ACTIVE,2025-12-13 01:20:22+00:00
P0001230,C000885,HOSPITALIZATION,2025-12-21,2026-12-20,685.40,ACTIVE,2025-12-21 11:43:27+00:00
P0001231,C000885,MEDICAL,2025-11-07,2026-11-06,1080.70,CANCELLED,2025-11-07 01:58:30+00:00
P0001232,C000886,MEDICAL,2024-02-03,2025-02-02,4103.90,EXPIRED,2024-02-03 08:38:13+00:00
P0001233,C000886,MEDICAL,2024-02-03,2025-02-02,4380.60,EXPIRED,2024-02-03 10:13:36+00:00
P0001234,C000886,PERSONAL_ACCIDENT,2025-09-30,2026-09-29,337.50,ACTIVE,2025-09-30 02:39:38+00:00
P0001235,C000887,MEDICAL,2025-05-11,2026-05-10,2043.10,ACTIVE,2025-05-11 21:13:00+00:00
P0001236,C000888,HOSPITALIZATION,2025-12-03,2026-12-02,1232.60,ACTIVE,2025-12-03 20:23:36+00:00
P0001237,C000889,HOSPITALIZATION,2024-12-23,2025-12-22,660.90,LAPSED,2024-12-23 16:22:44+00:00
P0001238,C000890,PERSONAL_ACCIDENT,2025-12-22,2026-12-21,269.40,ACTIVE,2025-12-22 15:37:09+00:00
P0001239,C000891,CRITICAL_ILLNESS,2025-12-05,2026-12-04,3841.50,ACTIVE,2025-12-05 20:16:01+00:00
P0001240,C000892,PERSONAL_ACCIDENT,2025-11-20,2026-11-19,289.10,ACTIVE,2025-11-20 09:32:11+00:00
P0001241,C000892,MEDICAL,2025-07-11,2026-07-10,3235.20,LAPSED,2025-07-11 19:19:48+00:00
P0001242,C000894,PERSONAL_ACCIDENT,2025-12-21,2026-12-20,215.20,ACTIVE,2025-12-21 17:13:04+00:00
P0001243,C000894,MEDICAL,2025-12-22,2026-12-21,952.90,ACTIVE,2025-12-22 01:56:24+00:00
P0001244,C000894,MEDICAL,2025-12-23,2026-12-22,933.00,ACTIVE,2025-12-23 07:51:01+00:00
P0001245,C000895,MEDICAL,2025-12-05,2026-12-04,1518.30,ACTIVE,2025-12-05 11:58:28+00:00
P0001246,C000895,HOSPITALIZATION,2025-12-09,2026-12-08,777.20,ACTIVE,2025-12-09 11:52:20+00:00
P0001247,C000896,MEDICAL,2025-10-25,2026-10-24,1353.50,ACTIVE,2025-10-25 17:46:18+00:00
P0001248,C000896,HOSPITALIZATION,2025-11-11,2026-11-10,758.30,ACTIVE,2025-11-11 10:32:23+00:00
P0001249,C000897,MEDICAL,2024-06-01,2025-05-31,2237.80,EXPIRED,2024-06-01 09:06:10+00:00
P0001250,C000897,MEDICAL,2025-05-30,2026-05-29,2395.30,ACTIVE,2025-05-30 22:37:55+00:00
P0001251,C000900,PERSONAL_ACCIDENT,2024-09-08,2025-09-07,307.90,EXPIRED,2024-09-08 15:57:31+00:00
P0001252,C000900,HOSPITALIZATION,2024-07-19,2025-07-18,1915.30,EXPIRED,2024-07-19 17:45:59+00:00
P0001253,C000901,MEDICAL,2025-10-08,2026-10-07,1052.10,ACTIVE,2025-10-08 06:19:56+00:00
P0001254,C000901,HOSPITALIZATION,2025-12-20,2026-12-19,679.40,ACTIVE,2025-12-20 04:44:32+00:00
P0001255,C000902,HOSPITALIZATION,2025-12-21,2026-12-20,1579.20,ACTIVE,2025-12-21 03:51:06+00:00
P0001256,C000902,HOSPITALIZATION,2025-12-04,2026-12-03,1694.10,ACTIVE,2025-12-04 20:49:53+00:00
P0001257,C000903,PERSONAL_ACCIDENT,2025-12-20,2026-12-19,239.70,ACTIVE,2025-12-20 10:31:51+00:00
P0001258,C000903,HOSPITALIZATION,2025-12-30,2026-12-29,821.30,ACTIVE,2025-12-30 18:08:11+00:00
P0001259,C000904,MEDICAL,2024-09-25,2025-09-24,2317.20,EXPIRED,2024-09-25 15:51:05+00:00
P0001260,C000905,PERSONAL_ACCIDENT,2025-09-26,2026-09-25,269.10,ACTIVE,2025-09-26 17:10:35+00:00
P0001261,C000906,PERSONAL_ACCIDENT,2025-11-06,2026-11-05,234.20,ACTIVE,2025-11-06 03:05:45+00:00
P0001262,C000907,MEDICAL,2025-12-25,2026-12-24,1183.50,ACTIVE,2025-12-25 17:42:00+00:00
P0001263,C000908,PERSONAL_ACCIDENT,2025-07-15,2026-07-14,301.60,ACTIVE,2025-07-15 08:40:04+00:00
P0001264,C000908,HOSPITALIZATION,2025-12-28,2026-12-27,2143.10,ACTIVE,2025-12-28 10:56:20+00:00
P0001265,C000908,HOSPITALIZATION,2025-11-30,2026-11-29,2314.10,ACTIVE,2025-11-30 17:11:13+00:00
P0001266,C000909,MEDICAL,2025-05-10,2026-05-09,2091.00,ACTIVE,2025-05-10 00:57:12+00:00
P0001267,C000909,PERSONAL_ACCIDENT,2025-06-29,2026-06-28,287.20,ACTIVE,2025-06-29 05:47:30+00:00
P0001268,C000910,PERSONAL_ACCIDENT,2025-10-25,2026-10-24,270.30,ACTIVE,2025-10-25 11:00:56+00:00
P0001269,C000911,HOSPITALIZATION,2025-11-22,2026-11-21,1058.50,CANCELLED,2025-11-22 08:09:23+00:00
P0001270,C000912,PERSONAL_ACCIDENT,2025-12-26,2026-12-25,256.20,ACTIVE,2025-12-26 04:00:08+00:00
P0001271,C000913,HOSPITALIZATION,2024-09-21,2025-09-20,793.30,EXPIRED,2024-09-21 22:52:50+00:00
P0001272,C000914,PERSONAL_ACCIDENT,2025-11-18,2026-11-17,280.20,ACTIVE,2025-11-18 20:06:37+00:00
P0001273,C000915,HOSPITALIZATION,2024-03-15,2025-03-14,1075.20,EXPIRED,2024-03-15 22:26:40+00:00
P0001274,C000915,PERSONAL_ACCIDENT,2024-09-14,2025-09-13,237.20,EXPIRED,2024-09-14 14:00:27+00:00
P0001275,C000916,PERSONAL_ACCIDENT,2025-03-10,2026-03-09,225.30,ACTIVE,2025-03-10 16:06:16+00:00
P0001276,C000916,HOSPITALIZATION,2025-06-29,2026-06-28,618.10,ACTIVE,2025-06-29 13:33:22+00:00
P0001277,C000917,MEDICAL,2025-10-25,2026-10-24,975.40,CANCELLED,2025-10-25 23:41:07+00:00
P0001278,C000918,HOSPITALIZATION,2025-03-28,2026-03-27,1243.90,ACTIVE,2025-03-28 00:42:45+00:00
P0001279,C000919,HOSPITALIZATION,2025-09-09,2026-09-08,2706.40,ACTIVE,2025-09-09 09:18:13+00:00
P0001280,C000919,PERSONAL_ACCIDENT,2025-03-31,2026-03-30,299.40,ACTIVE,2025-03-31 01:08:20+00:00
P0001281,C000919,MEDICAL,2025-06-16,2026-06-15,4426.40,ACTIVE,2025-06-16 23:11:13+00:00
P0001282,C000920,CRITICAL_ILLNESS,2025-08-31,2026-08-30,1146.00,CANCELLED,2025-08-31 07:42:11+00:00
P0001283,C000921,MEDICAL,2025-05-21,2026-05-20,4068.20,ACTIVE,2025-05-21 17:45:46+00:00
P0001284,C000922,CRITICAL_ILLNESS,2025-12-29,2026-12-28,2731.90,ACTIVE,2025-12-29 13:01:09+00:00
P0001285,C000923,PERSONAL_ACCIDENT,2025-06-11,2026-06-10,233.40,ACTIVE,2025-06-11 12:25:55+00:00
P0001286,C000924,HOSPITALIZATION,2024-09-18,2025-09-17,727.20,LAPSED,2024-09-18 08:55:22+00:00
P0001287,C000925,HOSPITALIZATION,2025-09-26,2026-09-25,1254.40,ACTIVE,2025-09-26 20:48:33+00:00
P0001288,C000926,MEDICAL,2025-11-20,2026-11-19,2238.00,ACTIVE,2025-11-20 13:25:33+00:00
P0001289,C000927,HOSPITALIZATION,2025-07-16,2026-07-15,1140.20,LAPSED,2025-07-16 23:04:29+00:00
P0001290,C000928,CRITICAL_ILLNESS,2025-12-23,2026-12-22,1164.50,ACTIVE,2025-12-23 03:47:27+00:00
P0001291,C000929,HOSPITALIZATION,2024-08-29,2025-08-28,2390.60,EXPIRED,2024-08-29 02:12:26+00:00
P0001292,C000930,CRITICAL_ILLNESS,2025-11-17,2026-11-16,1819.90,ACTIVE,2025-11-17 13:40:45+00:00
P0001293,C000931,CRITICAL_ILLNESS,2025-07-22,2026-07-21,4443.10,ACTIVE,2025-07-22 07:26:28+00:00
P0001294,C000931,HOSPITALIZATION,2025-06-03,2026-06-02,2583.50,ACTIVE,2025-06-03 08:36:46+00:00
P0001295,C000931,CRITICAL_ILLNESS,2024-11-14,2025-11-13,3870.70,EXPIRED,2024-11-14 12:35:09+00:00
P0001296,C000932,HOSPITALIZATION,2024-06-20,2025-06-19,2127.40,EXPIRED,2024-06-20 19:04:08+00:00
P0001297,C000933,CRITICAL_ILLNESS,2025-11-02,2026-11-01,3765.00,ACTIVE,2025-11-02 13:18:21+00:00
P0001298,C000933,HOSPITALIZATION,2025-09-27,2026-09-26,2285.70,ACTIVE,2025-09-27 09:41:06+00:00
P0001299,C000934,HOSPITALIZATION,2025-06-15,2026-06-14,1654.00,ACTIVE,2025-06-15 02:40:19+00:00
P0001300,C000935,MEDICAL,2025-12-06,2026-12-05,3552.30,ACTIVE,2025-12-06 13:36:03+00:00
P0001301,C000936,MEDICAL,2025-10-30,2026-10-29,4436.30,ACTIVE,2025-10-30 04:45:41+00:00
P0001302,C000937,PERSONAL_ACCIDENT,2025-08-22,2026-08-21,267.80,ACTIVE,2025-08-22 09:17:26+00:00
P0001303,C000937,HOSPITALIZATION,2025-08-21,2026-08-20,1268.40,ACTIVE,2025-08-21 10:15:20+00:00
P0001304,C000937,MEDICAL,2025-12-08,2026-12-07,2305.70,ACTIVE,2025-12-08 18:32:05+00:00
P0001305,C000938,MEDICAL,2025-10-22,2026-10-21,1438.90,ACTIVE,2025-10-22 17:14:27+00:00
P0001306,C000938,HOSPITALIZATION,2025-10-28,2026-10-27,760.20,ACTIVE,2025-10-28 11:27:10+00:00
P0001307,C000939,MEDICAL,2025-12-23,2026-12-22,1680.80,ACTIVE,2025-12-23 00:21:15+00:00
P0001308,C000940,MEDICAL,2025-11-20,2026-11-19,1692.90,ACTIVE,2025-11-20 09:55:55+00:00
P0001309,C000941,HOSPITALIZATION,2024-09-19,2025-09-18,617.00,EXPIRED,2024-09-19 22:27:37+00:00
P0001310,C000941,HOSPITALIZATION,2024-08-20,2025-08-19,552.00,EXPIRED,2024-08-20 05:20:29+00:00
P0001311,C000942,MEDICAL,2025-09-24,2026-09-23,3308.20,ACTIVE,2025-09-24 21:16:38+00:00
P0001312,C000943,HOSPITALIZATION,2024-12-12,2025-12-11,2357.80,EXPIRED,2024-12-12 19:40:17+00:00
P0001313,C000943,HOSPITALIZATION,2025-09-08,2026-09-07,2266.60,ACTIVE,2025-09-08 22:45:33+00:00
P0001314,C000944,HOSPITALIZATION,2025-10-16,2026-10-15,688.50,ACTIVE,2025-10-16 00:21:39+00:00
P0001315,C000944,MEDICAL,2025-09-24,2026-09-23,1059.60,ACTIVE,2025-09-24 01:20:01+00:00
P0001316,C000946,HOSPITALIZATION,2025-11-12,2026-11-11,596.60,ACTIVE,2025-11-12 11:41:47+00:00
P0001317,C000947,CRITICAL_ILLNESS,2024-04-06,2025-04-05,1705.20,EXPIRED,2024-04-06 19:00:24+00:00
P0001318,C000948,MEDICAL,2025-10-28,2026-10-27,2857.20,ACTIVE,2025-10-28 13:56:28+00:00
P0001319,C000950,MEDICAL,2025-08-18,2026-08-17,1184.70,ACTIVE,2025-08-18 04:38:05+00:00
P0001320,C000950,MEDICAL,2025-06-16,2026-06-15,1118.20,ACTIVE,2025-06-16 07:42:10+00:00
P0001321,C000951,MEDICAL,2025-07-26,2026-07-25,3937.40,ACTIVE,2025-07-26 20:29:53+00:00
P0001322,C000952,PERSONAL_ACCIDENT,2025-10-10,2026-10-09,281.50,ACTIVE,2025-10-10 13:47:56+00:00
P0001323,C000953,MEDICAL,2025-12-19,2026-12-18,1220.40,ACTIVE,2025-12-19 22:49:51+00:00
P0001324,C000954,HOSPITALIZATION,2025-11-20,2026-11-19,676.50,CANCELLED,2025-11-20 01:51:40+00:00
P0001325,C000954,MEDICAL,2025-12-13,2026-12-12,1252.50,ACTIVE,2025-12-13 08:01:18+00:00
P0001326,C000955,MEDICAL,2025-10-02,2026-10-01,2050.90,ACTIVE,2025-10-02 06:46:38+00:00
P0001327,C000957,HOSPITALIZATION,2025-11-05,2026-11-04,2413.50,ACTIVE,2025-11-05 08:42:18+00:00
P0001328,C000958,MEDICAL,2025-05-19,2026-05-18,3995.30,ACTIVE,2025-05-19 16:50:42+00:00
P0001329,C000958,MEDICAL,2025-12-23,2026-12-22,3514.90,ACTIVE,2025-12-23 23:56:48+00:00
P0001330,C000959,MEDICAL,2024-08-26,2025-08-25,4294.50,EXPIRED,2024-08-26 12:36:10+00:00
P0001331,C000959,MEDICAL,2025-12-08,2026-12-07,4453.20,ACTIVE,2025-12-08 18:58:04+00:00
P0001332,C000960,MEDICAL,2025-09-13,2026-09-12,902.10,ACTIVE,2025-09-13 10:19:03+00:00
P0001333,C000961,PERSONAL_ACCIDENT,2025-09-20,2026-09-19,265.50,ACTIVE,2025-09-20 09:39:54+00:00
P0001334,C000962,MEDICAL,2025-12-03,2026-12-02,990.20,ACTIVE,2025-12-03 14:30:20+00:00
P0001335,C000963,MEDICAL,2025-03-09,2026-03-08,1243.10,ACTIVE,2025-03-09 01:40:49+00:00
P0001336,C000964,HOSPITALIZATION,2025-11-03,2026-11-02,2145.50,ACTIVE,2025-11-03 20:59:15+00:00
P0001337,C000964,PERSONAL_ACCIDENT,2025-09-25,2026-09-24,314.90,ACTIVE,2025-09-25 05:43:09+00:00
P0001338,C000965,MEDICAL,2025-08-18,2026-08-17,968.00,ACTIVE,2025-08-18 18:00:50+00:00
P0001339,C000965,MEDICAL,2024-11-19,2025-11-18,984.70,EXPIRED,2024-11-19 20:02:11+00:00
P0001340,C000966,MEDICAL,2025-11-05,2026-11-04,2351.20,ACTIVE,2025-11-05 03:44:13+00:00
P0001341,C000967,CRITICAL_ILLNESS,2025-12-24,2026-12-23,3646.80,ACTIVE,2025-12-24 01:15:33+00:00
P0001342,C000968,PERSONAL_ACCIDENT,2025-10-19,2026-10-18,215.60,CANCELLED,2025-10-19 01:03:08+00:00
P0001343,C000969,HOSPITALIZATION,2024-07-22,2025-07-21,1788.80,EXPIRED,2024-07-22 03:10:00+00:00
P0001344,C000969,CRITICAL_ILLNESS,2025-07-31,2026-07-30,3087.70,ACTIVE,2025-07-31 11:04:12+00:00
P0001345,C000970,CRITICAL_ILLNESS,2025-04-15,2026-04-14,3137.90,ACTIVE,2025-04-15 19:50:29+00:00
P0001346,C000971,HOSPITALIZATION,2025-05-17,2026-05-16,725.00,ACTIVE,2025-05-17 23:48:53+00:00
P0001347,C000972,HOSPITALIZATION,2025-09-07,2026-09-06,761.90,ACTIVE,2025-09-07 07:09:45+00:00
P0001348,C000973,CRITICAL_ILLNESS,2025-12-30,2026-12-29,1716.60,ACTIVE,2025-12-30 23:29:29+00:00
P0001349,C000973,HOSPITALIZATION,2025-12-31,2026-12-30,1279.30,ACTIVE,2025-12-31 14:45:57+00:00
P0001350,C000974,PERSONAL_ACCIDENT,2025-01-06,2026-01-05,288.60,ACTIVE,2025-01-06 19:24:35+00:00
P0001351,C000975,HOSPITALIZATION,2025-12-25,2026-12-24,2324.20,ACTIVE,2025-12-25 09:38:40+00:00
P0001352,C000976,HOSPITALIZATION,2025-08-27,2026-08-26,1963.40,ACTIVE,2025-08-27 20:42:49+00:00
P0001353,C000976,MEDICAL,2025-12-11,2026-12-10,3359.30,LAPSED,2025-12-11 11:50:33+00:00
P0001354,C000977,MEDICAL,2025-10-10,2026-10-09,2025.00,ACTIVE,2025-10-10 05:11:16+00:00
P0001355,C000978,HOSPITALIZATION,2024-08-16,2025-08-15,582.00,EXPIRED,2024-08-16 05:17:00+00:00
P0001356,C000979,HOSPITALIZATION,2025-12-30,2026-12-29,1253.90,ACTIVE,2025-12-30 04:34:35+00:00
P0001357,C000980,HOSPITALIZATION,2025-07-22,2026-07-21,650.10,ACTIVE,2025-07-22 02:47:18+00:00
P0001358,C000981,MEDICAL,2025-10-27,2026-10-26,1190.60,ACTIVE,2025-10-27 04:04:56+00:00
P0001359,C000982,CRITICAL_ILLNESS,2025-02-13,2026-02-12,945.80,ACTIVE,2025-02-13 07:16:05+00:00
P0001360,C000983,CRITICAL_ILLNESS,2025-11-04,2026-11-03,3417.00,ACTIVE,2025-11-04 03:06:33+00:00
P0001361,C000985,MEDICAL,2025-11-04,2026-11-03,2985.40,ACTIVE,2025-11-04 23:53:59+00:00
P0001362,C000986,MEDICAL,2025-07-14,2026-07-13,1249.60,ACTIVE,2025-07-14 22:22:30+00:00
P0001363,C000987,PERSONAL_ACCIDENT,2025-05-18,2026-05-17,295.20,ACTIVE,2025-05-18 20:15:50+00:00
P0001364,C000989,PERSONAL_ACCIDENT,2024-10-11,2025-10-10,320.20,EXPIRED,2024-10-11 16:06:54+00:00
P0001365,C000990,HOSPITALIZATION,2024-10-22,2025-10-21,2341.20,EXPIRED,2024-10-22 22:36:48+00:00
P0001366,C000990,HOSPITALIZATION,2024-07-02,2025-07-01,2643.70,EXPIRED,2024-07-02 06:03:03+00:00
P0001367,C000991,PERSONAL_ACCIDENT,2025-02-12,2026-02-11,277.60,ACTIVE,2025-02-12 00:39:26+00:00
P0001368,C000991,HOSPITALIZATION,2025-04-06,2026-04-05,2005.00,ACTIVE,2025-04-06 23:19:46+00:00
P0001369,C000992,MEDICAL,2025-12-01,2026-11-30,1920.10,ACTIVE,2025-12-01 14:39:20+00:00
P0001370,C000992,MEDICAL,2025-11-29,2026-11-28,2063.80,ACTIVE,2025-11-29 05:37:17+00:00
P0001371,C000992,MEDICAL,2025-08-18,2026-08-17,2148.80,ACTIVE,2025-08-18 05:09:54+00:00
P0001372,C000993,MEDICAL,2025-06-26,2026-06-25,1094.70,ACTIVE,2025-06-26 13:24:45+00:00
P0001373,C000995,PERSONAL_ACCIDENT,2025-12-31,2026-12-30,259.90,ACTIVE,2025-12-31 14:15:39+00:00
P0001374,C000995,MEDICAL,2025-12-26,2026-12-25,2443.70,ACTIVE,2025-12-26 12:33:16+00:00
P0001375,C000996,HOSPITALIZATION,2025-12-08,2026-12-07,1295.30,ACTIVE,2025-12-08 14:08:41+00:00
P0001376,C000997,MEDICAL,2025-02-25,2026-02-24,1180.00,ACTIVE,2025-02-25 05:00:30+00:00
P0001377,C000997,CRITICAL_ILLNESS,2025-05-28,2026-05-27,966.10,ACTIVE,2025-05-28 05:35:19+00:00
P0001378,C000999,PERSONAL_ACCIDENT,2025-11-03,2026-11-02,226.10,ACTIVE,2025-11-03 10:27:44+00:00
P0001379,C001000,PERSONAL_ACCIDENT,2025-07-29,2026-07-28,299.90,ACTIVE,2025-07-29 06:16:57+00:00
